lon,lat,avgPtai2015,ptalNumeric
-0.096276,51.519643,69.8233,8.0
-0.092408,51.519636,83.782,8.0
-0.095964,51.522089,41.7417,8.0
-0.073841,51.513031,85.8893,8.0
0.088094,51.539194,22.4558,6.0
0.077064,51.540656,33.3023,7.0
0.071087,51.540912,7.39059,3.0
0.083721,51.540328,38.3641,7.0
0.079832,51.536515,32.286,7.0
0.080469,51.542982,31.9167,7.0
0.073796,51.542958,16.2314,5.0
0.146884,51.5433,13.1449,4.0
0.143173,51.544293,7.46001,3.0
0.155149,51.543919,8.29508,3.0
0.151217,51.549463,5.11561,3.0
0.145998,51.54949,8.20281,3.0
0.151702,51.546632,7.37822,3.0
0.120774,51.558619,4.58686,2.0
0.124977,51.556361,6.75302,3.0
0.116013,51.554515,4.86539,2.0
0.121301,51.554095,6.39859,3.0
0.112432,51.551671,7.01491,3.0
0.120918,51.551058,7.43551,3.0
0.118094,51.54938,5.75121,3.0
0.136889,51.5877,3.85844,2.0
0.129478,51.585134,3.01489,2.0
0.134824,51.579955,2.5171,2.0
0.136759,51.583215,4.82101,2.0
0.139313,51.575774,4.07693,2.0
0.135392,51.574718,6.6856,3.0
0.162972,51.554989,3.91504,2.0
0.168571,51.555196,3.51145,2.0
0.164269,51.548643,6.7778,3.0
0.162304,51.545662,7.34586,3.0
0.180129,51.562692,2.32273,1.0
0.172661,51.563176,8.36135,3.0
0.180328,51.558813,1.99736,1.0
0.096922,51.536656,9.00812,3.0
0.116107,51.538019,5.72093,3.0
0.105774,51.537499,8.48745,3.0
0.098443,51.534116,7.26782,3.0
0.090998,51.535742,8.7118,3.0
0.112774,51.535077,7.08704,3.0
0.12004,51.536532,6.09177,3.0
0.083555,51.531603,8.13742,3.0
0.084952,51.530489,7.73561,3.0
0.085738,51.53477,23.446,6.0
0.082367,51.53406,13.4392,4.0
0.092626,51.532652,7.91239,3.0
0.1432,51.532748,5.84284,3.0
0.132346,51.536832,6.31438,3.0
0.126044,51.53576,7.7862,3.0
0.136606,51.534387,1.62771,1.0
0.126799,51.537907,9.98087,3.0
0.136002,51.539453,7.25869,3.0
0.141341,51.536485,5.43468,3.0
0.152578,51.557249,4.72838,2.0
0.152508,51.560718,7.36381,3.0
0.152194,51.553711,4.4875,2.0
0.145592,51.556314,7.42822,3.0
0.157483,51.553476,4.11487,2.0
0.143223,51.552495,5.82993,3.0
0.106262,51.546864,3.48363,2.0
0.101121,51.54699,5.81071,3.0
0.090466,51.541163,16.9529,5.0
0.099424,51.543193,8.91029,3.0
0.0937,51.543501,9.08794,3.0
0.099087,51.53992,8.50495,3.0
0.11455,51.541973,3.4708,2.0
0.116414,51.545653,3.68102,2.0
0.120523,51.545953,5.22423,3.0
0.125657,51.541671,9.06998,3.0
0.119894,51.541215,5.92267,3.0
0.12596,51.549576,7.48654,3.0
0.132517,51.552412,6.90947,3.0
0.141253,51.547072,5.87476,3.0
0.130727,51.548577,5.88791,3.0
0.138112,51.550143,4.9585,2.0
0.138196,51.554446,4.94285,2.0
0.128529,51.553699,7.38619,3.0
0.145766,51.539789,13.9159,4.0
0.150248,51.537904,13.5581,4.0
0.146247,51.536682,11.3246,4.0
0.151273,51.532797,7.1013,3.0
0.155344,51.533234,4.09005,2.0
0.160191,51.530599,3.14651,2.0
0.159232,51.528797,3.1872,2.0
0.109244,51.527636,4.69844,2.0
0.098124,51.526907,2.50159,2.0
0.101436,51.528925,4.76951,2.0
0.11562,51.52559,3.08911,2.0
0.128237,51.52962,3.88439,2.0
0.115259,51.533013,3.51993,2.0
0.129213,51.56373,14.5706,4.0
0.126912,51.56072,11.0563,4.0
0.132506,51.561458,9.59104,3.0
0.13894,51.559636,4.91511,2.0
0.144237,51.559268,8.70126,3.0
0.131485,51.556927,5.78336,3.0
0.166804,51.535993,3.04832,2.0
0.16606,51.539073,8.24809,3.0
0.153301,51.540662,8.9166,3.0
0.159159,51.540297,4.76699,2.0
0.17407,51.541348,2.67607,2.0
0.165191,51.542442,9.5896,3.0
0.141082,51.562687,4.30923,2.0
0.145657,51.573961,5.20468,3.0
0.145708,51.568585,5.31493,3.0
0.139218,51.570614,9.71421,3.0
0.13376,51.569806,14.5377,4.0
0.14855,51.564785,5.97464,3.0
-0.142104,51.636267,7.01025,3.0
-0.14649,51.633675,5.3088,3.0
-0.156579,51.632854,5.74797,3.0
-0.151535,51.631143,5.74361,3.0
-0.135058,51.630755,8.40527,3.0
-0.140049,51.632259,7.20748,3.0
-0.148603,51.627519,3.31441,2.0
-0.13813,51.626039,3.91162,2.0
-0.143364,51.621815,5.58762,3.0
-0.143094,51.618212,12.9099,4.0
-0.269173,51.604821,12.3823,4.0
-0.251477,51.600793,4.62348,2.0
-0.259318,51.605695,14.6656,4.0
-0.258726,51.601551,14.6214,4.0
-0.264998,51.600758,20.5564,6.0
-0.253808,51.604182,9.84947,3.0
-0.255293,51.598009,8.7169,3.0
-0.257437,51.609149,10.0333,4.0
-0.251763,51.607456,11.5425,4.0
-0.265636,51.607518,11.0418,4.0
-0.202104,51.568481,14.616,4.0
-0.192436,51.567604,11.6318,4.0
-0.200957,51.564514,11.4895,4.0
-0.205792,51.563945,10.2718,4.0
-0.201053,51.560108,10.1868,4.0
-0.196906,51.562369,14.5111,4.0
-0.213518,51.558385,17.3824,5.0
-0.211376,51.561982,12.9837,4.0
-0.209081,51.558132,13.9178,4.0
-0.199131,51.57435,24.4656,6.0
-0.204961,51.573067,12.0305,4.0
-0.197395,51.571103,30.0335,7.0
-0.249427,51.589755,4.9307,2.0
-0.254667,51.5926,11.2697,4.0
-0.244073,51.58624,5.09996,3.0
-0.244142,51.601471,4.13997,2.0
-0.245178,51.604682,3.94988,2.0
-0.248155,51.604767,5.49369,3.0
-0.244028,51.598759,9.27649,3.0
-0.248818,51.59743,12.0205,4.0
-0.148583,51.60008,8.16457,3.0
-0.144841,51.603053,4.75052,2.0
-0.15225,51.615983,6.74756,3.0
-0.156693,51.61887,4.51445,2.0
-0.146186,51.614252,7.35754,3.0
-0.154369,51.613517,9.4314,3.0
-0.158608,51.61184,10.2149,4.0
-0.145124,51.607092,3.79625,2.0
-0.14961,51.60419,7.30712,3.0
-0.150246,51.609782,8.8973,3.0
-0.159619,51.653301,5.24531,3.0
-0.166442,51.654096,1.79421,1.0
-0.155613,51.649117,6.79275,3.0
-0.164802,51.650392,6.72274,3.0
-0.165398,51.645714,8.01471,3.0
-0.169535,51.647899,11.3282,4.0
-0.152153,51.643881,3.48235,2.0
-0.158466,51.642166,3.15452,2.0
-0.165258,51.641743,9.69772,3.0
-0.162684,51.637679,5.88037,3.0
-0.178914,51.595831,3.71903,2.0
-0.172006,51.593043,5.02878,3.0
-0.164405,51.593291,4.0344,2.0
-0.176395,51.594718,3.10387,2.0
-0.170383,51.589869,8.57823,3.0
-0.163426,51.591148,14.1528,4.0
-0.162366,51.588557,14.5049,4.0
-0.176565,51.589919,2.92704,2.0
-0.170955,51.601106,1.93827,1.0
-0.17244,51.595831,2.90637,2.0
-0.27555,51.623473,7.95126,3.0
-0.272548,51.626475,4.09808,2.0
-0.279671,51.626444,0.980628,1.0
-0.288556,51.620651,1.91856,1.0
-0.284562,51.618907,4.04547,2.0
-0.279013,51.620267,10.5428,4.0
-0.273962,51.616232,21.4253,6.0
-0.27969,51.614573,20.0665,6.0
-0.273611,51.610364,16.0119,5.0
-0.268549,51.630342,1.50344,1.0
-0.196443,51.597749,15.3315,5.0
-0.187809,51.597764,9.2003,3.0
-0.214125,51.595826,3.23133,2.0
-0.207854,51.599456,4.50414,2.0
-0.203763,51.596168,6.86817,3.0
-0.204931,51.591547,6.11543,3.0
-0.196424,51.594335,7.46676,3.0
-0.192281,51.592411,5.04058,3.0
-0.200087,51.601916,11.4422,4.0
-0.189205,51.587296,4.21301,2.0
-0.177899,51.574344,2.80062,2.0
-0.183878,51.582928,3.89728,2.0
-0.170572,51.58585,10.2776,4.0
-0.194833,51.58381,5.37832,3.0
-0.181213,51.587832,3.92139,2.0
-0.198538,51.585506,8.35726,3.0
-0.193978,51.578293,7.74902,3.0
-0.178949,51.580694,3.38152,2.0
-0.189525,51.57271,16.6422,5.0
-0.208898,51.580401,12.7091,4.0
-0.200771,51.579139,8.80247,3.0
-0.202736,51.583548,6.08947,3.0
-0.205375,51.57781,14.0212,4.0
-0.212101,51.575902,18.7051,5.0
-0.207728,51.57563,13.651,4.0
-0.216686,51.572731,13.3496,4.0
-0.211804,51.568728,6.68951,3.0
-0.219628,51.567534,8.4522,3.0
-0.213005,51.565819,9.28636,3.0
-0.20579,51.585881,5.41549,3.0
-0.265731,51.610474,6.72681,3.0
-0.266594,51.614631,5.5744,3.0
-0.249606,51.626652,0.813966,1.0
-0.264994,51.624993,2.50364,2.0
-0.268825,51.623664,5.12524,3.0
-0.257749,51.6244,2.99059,2.0
-0.261285,51.6197,7.25079,3.0
-0.26064,51.61457,7.01215,3.0
-0.255461,51.615522,11.8742,4.0
-0.254177,51.611021,12.1799,4.0
-0.213639,51.584719,6.55226,3.0
-0.225023,51.585138,14.3658,4.0
-0.213628,51.588513,4.37487,2.0
-0.234379,51.591228,5.80517,3.0
-0.232109,51.598116,2.37931,1.0
-0.22536,51.594775,2.21401,1.0
-0.216249,51.592413,4.83334,2.0
-0.221163,51.590073,7.48625,3.0
-0.226118,51.590005,8.20936,3.0
-0.220603,51.587195,10.4143,4.0
-0.187061,51.653452,2.34873,1.0
-0.180417,51.654243,4.86619,2.0
-0.206705,51.655159,10.5315,4.0
-0.211879,51.656676,2.11587,1.0
-0.198434,51.654707,8.55294,3.0
-0.178578,51.650538,11.9501,4.0
-0.185154,51.649793,8.40912,3.0
-0.228868,51.649613,1.16655,1.0
-0.204867,51.659217,0.536905,1.0
-0.224843,51.610921,1.77553,1.0
-0.234744,51.608995,3.63009,2.0
-0.210442,51.608712,7.10116,3.0
-0.242262,51.614867,6.77941,3.0
-0.213944,51.60665,1.74679,1.0
-0.236068,51.605249,2.56492,2.0
-0.238272,51.620998,2.93094,2.0
-0.214511,51.612978,1.96018,1.0
-0.246662,51.621247,5.37449,3.0
-0.250646,51.618156,10.9522,4.0
-0.157187,51.624084,5.79479,3.0
-0.163906,51.623908,4.41078,2.0
-0.17261,51.641315,7.58199,3.0
-0.17914,51.647645,13.783,4.0
-0.183733,51.643151,10.0329,4.0
-0.175448,51.645217,10.4929,4.0
-0.177288,51.638576,9.08156,3.0
-0.167603,51.634555,7.15502,3.0
-0.171003,51.631563,12.1505,4.0
-0.160672,51.627815,6.76218,3.0
-0.186157,51.620595,7.42912,3.0
-0.194641,51.618236,2.91234,2.0
-0.18305,51.618298,10.138,4.0
-0.194546,51.614146,5.12517,3.0
-0.199164,51.632595,1.48978,1.0
-0.185459,51.631293,4.76207,2.0
-0.172639,51.628234,10.1968,4.0
-0.179524,51.628539,9.58732,3.0
-0.189151,51.624843,4.22068,2.0
-0.176885,51.62459,7.85811,3.0
-0.210152,51.645433,3.18573,2.0
-0.218814,51.647861,4.57522,2.0
-0.214708,51.644362,4.13223,2.0
-0.18895,51.644047,8.34093,3.0
-0.196405,51.644572,6.94427,3.0
-0.225039,51.645677,1.48016,1.0
-0.201571,51.64427,3.04293,2.0
-0.204138,51.649335,8.10976,3.0
-0.198721,51.649023,16.1789,5.0
-0.209683,51.650638,6.76124,3.0
-0.188343,51.601958,14.5725,4.0
-0.193031,51.604361,16.7983,5.0
-0.181184,51.599387,5.7428,3.0
-0.186539,51.604828,12.4266,4.0
-0.178124,51.613913,12.996,4.0
-0.183512,51.614584,11.1317,4.0
-0.188521,51.61118,11.159,4.0
-0.183034,51.610373,14.0582,4.0
-0.192886,51.608601,7.75464,3.0
-0.197485,51.605812,8.91359,3.0
-0.239337,51.575841,4.53612,2.0
-0.234717,51.578667,10.6458,4.0
-0.230924,51.57544,13.5832,4.0
-0.243088,51.579119,3.59251,2.0
-0.23463,51.584751,13.4253,4.0
-0.226054,51.579414,16.9418,5.0
-0.216667,51.581245,11.2528,4.0
-0.251228,51.581868,7.46376,3.0
-0.239994,51.579855,12.4284,4.0
-0.230369,51.581624,17.8886,5.0
-0.164827,51.609234,4.27959,2.0
-0.175659,51.604039,5.17573,3.0
-0.180584,51.607938,13.0089,4.0
-0.172073,51.609749,7.65489,3.0
-0.179342,51.60256,5.79505,3.0
-0.172252,51.619927,4.41757,2.0
-0.178085,51.619734,8.3204,3.0
-0.170237,51.616246,5.7123,3.0
-0.174068,51.613995,12.3449,4.0
-0.163703,51.61385,6.64776,3.0
0.163563,51.46224,8.32679,3.0
0.175088,51.463358,3.41403,2.0
0.155364,51.462668,13.2003,4.0
0.16528,51.456662,2.85065,2.0
0.156061,51.456321,8.2841,3.0
0.152235,51.459044,17.4417,5.0
0.162274,51.452777,3.10323,2.0
0.15082,51.485355,7.26014,3.0
0.145639,51.482002,4.65451,2.0
0.139592,51.482031,3.74277,2.0
0.153096,51.492981,4.47422,2.0
0.146096,51.49047,8.93537,3.0
0.143027,51.488026,4.86354,2.0
0.147651,51.48802,7.48566,3.0
0.085126,51.438911,4.67548,2.0
0.089319,51.452711,2.61588,2.0
0.094333,51.449224,3.27627,2.0
0.09113,51.445773,2.81472,2.0
0.099648,51.448197,4.57313,2.0
0.087324,51.442034,4.49253,2.0
0.094286,51.442307,4.67157,2.0
0.109942,51.445652,3.83546,2.0
0.106368,51.448123,4.94347,2.0
0.125984,51.445381,3.23538,2.0
0.134612,51.446785,4.25791,2.0
0.103558,51.444909,3.73397,2.0
0.117269,51.443777,3.14063,2.0
0.115215,51.449111,4.45,2.0
0.143721,51.468903,3.8967,2.0
0.134972,51.470297,6.97214,3.0
0.151121,51.468283,7.68435,3.0
0.132036,51.466409,12.1571,4.0
0.126572,51.467256,6.53809,3.0
0.139301,51.465685,8.54207,3.0
0.130908,51.472999,4.70258,2.0
0.13735,51.457493,16.1787,5.0
0.130767,51.453748,5.08739,3.0
0.145498,51.453782,15.0623,5.0
0.135767,51.452482,5.38097,3.0
0.148815,51.450255,3.823,2.0
0.145847,51.4613,10.9912,4.0
0.134826,51.461111,15.4365,5.0
0.176675,51.472003,3.20996,2.0
0.176024,51.46822,2.41844,1.0
0.167014,51.470195,4.21462,2.0
0.160926,51.467629,10.7576,4.0
0.170042,51.466193,4.97689,2.0
0.170335,51.474231,3.50441,2.0
0.17829,51.473784,3.11407,2.0
0.191086,51.45779,2.26362,1.0
0.187359,51.449263,6.52067,3.0
0.188024,51.455364,2.19275,1.0
0.179969,51.455087,1.62648,1.0
0.175167,51.450904,4.31319,2.0
0.181081,51.446167,7.05411,3.0
0.184913,51.462322,5.18912,3.0
0.129878,51.432292,1.43135,1.0
0.117651,51.430371,3.01202,2.0
0.131907,51.420937,0.677378,1.0
0.110672,51.421355,7.69227,3.0
0.127223,51.418634,3.61829,2.0
0.115989,51.418333,6.65619,3.0
0.124927,51.433096,7.4484,3.0
0.108323,51.459341,4.35928,2.0
0.127102,51.45733,8.03609,3.0
0.125438,51.45093,2.89856,2.0
0.108007,51.45306,1.68107,1.0
0.112935,51.462383,11.2378,4.0
0.120284,51.461949,8.81402,3.0
0.12885,51.461612,15.4882,5.0
0.086658,51.464702,4.94627,2.0
0.087483,51.461843,4.80394,2.0
0.094657,51.471085,3.35725,2.0
0.093771,51.466322,8.83361,3.0
0.098494,51.467587,10.4133,4.0
0.10598,51.467186,11.8369,4.0
0.155217,51.483856,3.55182,2.0
0.179657,51.479693,10.5372,4.0
0.174227,51.484868,9.788,3.0
0.168394,51.485466,3.73665,2.0
0.161482,51.483665,2.82144,2.0
0.167334,51.478876,5.89327,3.0
0.162496,51.489257,2.95511,2.0
0.102355,51.45748,6.05412,3.0
0.092652,51.457701,3.39149,2.0
0.098962,51.455156,3.93518,2.0
0.086542,51.457791,6.77975,3.0
0.095902,51.452868,3.13988,2.0
0.102934,51.462697,15.578,5.0
0.096535,51.460468,10.0208,4.0
0.125229,51.493657,14.2417,4.0
0.126385,51.481836,6.47468,3.0
0.129431,51.491067,8.33427,3.0
0.12768,51.478575,3.82175,2.0
0.13807,51.479027,4.24964,2.0
0.134834,51.476057,3.69421,2.0
0.124803,51.495486,9.60783,3.0
0.079177,51.433628,5.6252,3.0
0.0986,51.431526,12.0637,4.0
0.08768,51.433901,2.02419,1.0
0.088057,51.430337,4.01798,2.0
0.091593,51.426973,3.50594,2.0
0.098551,51.423931,8.34943,3.0
0.18631,51.476916,3.16287,2.0
0.197557,51.473897,1.11926,1.0
0.183568,51.474283,3.88447,2.0
0.190337,51.470125,6.72977,3.0
0.183322,51.468495,9.43322,3.0
0.194703,51.469874,3.18236,2.0
0.181963,51.4656,6.34223,3.0
0.140973,51.473455,5.0137,3.0
0.151097,51.476338,2.76876,2.0
0.159491,51.475725,3.66003,2.0
0.163329,51.47445,4.73103,2.0
0.149345,51.47308,2.87468,2.0
0.15682,51.472338,3.73763,2.0
0.146025,51.4777,4.71723,2.0
0.122045,51.438295,9.31065,3.0
0.163679,51.436674,1.73546,1.0
0.130934,51.43872,5.52986,3.0
0.124944,51.441423,5.51408,3.0
0.150673,51.443135,7.28666,3.0
0.138772,51.440478,6.52184,3.0
0.143963,51.443928,7.69075,3.0
0.119979,51.476495,3.65512,2.0
0.118452,51.473534,4.68981,2.0
0.124369,51.471602,3.56929,2.0
0.120325,51.468839,3.33074,2.0
0.113874,51.470512,5.20112,3.0
0.114504,51.465798,6.20344,3.0
0.121126,51.465891,3.1968,2.0
0.103325,51.428465,14.9432,4.0
0.111286,51.430396,6.24632,3.0
0.108269,51.426168,8.92433,3.0
0.100855,51.440347,2.84096,2.0
0.115769,51.436165,7.33343,3.0
0.102252,51.434457,13.3928,4.0
0.091072,51.437293,4.46658,2.0
0.131703,51.492914,7.31605,3.0
0.137224,51.493583,5.52304,3.0
0.129789,51.496386,1.67415,1.0
0.123578,51.509795,8.04513,3.0
0.129357,51.510371,3.15332,2.0
0.124372,51.50642,6.27424,3.0
0.124273,51.498367,6.99926,3.0
-0.291136,51.537395,2.37083,1.0
-0.297024,51.536403,10.2867,4.0
-0.295501,51.543706,13.5286,4.0
-0.292448,51.546038,6.01557,3.0
-0.304735,51.541686,11.3146,4.0
-0.290123,51.542947,4.26955,2.0
-0.284391,51.542663,4.59434,2.0
-0.294244,51.540625,10.8191,4.0
-0.269551,51.569519,8.773,3.0
-0.280176,51.568593,8.53172,3.0
-0.274449,51.568339,10.7994,4.0
-0.271896,51.563696,13.8398,4.0
-0.265643,51.562785,4.48723,2.0
-0.285647,51.577971,4.3358,2.0
-0.290539,51.578467,6.62453,3.0
-0.286847,51.572931,1.89211,1.0
-0.289413,51.571685,9.2071,3.0
-0.229863,51.544213,11.5861,4.0
-0.225097,51.543868,9.81995,3.0
-0.207001,51.544292,18.8376,5.0
-0.213753,51.542071,8.22267,3.0
-0.224013,51.540562,10.2217,4.0
-0.225948,51.537926,12.1156,4.0
-0.21711,51.546261,12.7655,4.0
-0.209978,51.545527,16.5721,5.0
-0.226931,51.563866,9.96727,3.0
-0.240804,51.566911,2.96036,2.0
-0.235648,51.565849,8.17823,3.0
-0.234557,51.563125,7.46656,3.0
-0.242684,51.561835,5.22546,3.0
-0.229429,51.561056,4.5231,2.0
-0.225737,51.552215,8.5704,3.0
-0.231065,51.552429,6.07824,3.0
-0.246335,51.552473,12.7783,4.0
-0.235676,51.553539,8.57724,3.0
-0.247524,51.547865,9.03168,3.0
-0.250095,51.561865,7.72483,3.0
-0.247354,51.559599,13.5329,4.0
-0.246562,51.556781,14.7046,4.0
-0.240515,51.55408,11.997,4.0
-0.252771,51.584754,7.65281,3.0
-0.258961,51.584781,6.20177,3.0
-0.266757,51.583973,8.24797,3.0
-0.255375,51.587698,7.96554,3.0
-0.276527,51.583185,6.82001,3.0
-0.262967,51.580898,5.50147,3.0
-0.264204,51.577311,2.01306,1.0
-0.262869,51.587151,7.16304,3.0
-0.253783,51.540758,18.5584,5.0
-0.245881,51.541859,2.0365,1.0
-0.248744,51.539722,13.518,4.0
-0.250857,51.53713,22.598,6.0
-0.251921,51.535322,21.9764,6.0
-0.251646,51.546698,5.20336,3.0
-0.249614,51.5433,5.29119,3.0
-0.253582,51.544465,7.39937,3.0
-0.230948,51.53506,9.06453,3.0
-0.230355,51.532422,12.2556,4.0
-0.227331,51.531618,14.5751,4.0
-0.242701,51.537859,13.4581,4.0
-0.235961,51.53636,6.49968,3.0
-0.238896,51.534684,17.2412,5.0
-0.310052,51.582617,12.9501,4.0
-0.300207,51.580575,1.64155,1.0
-0.296022,51.57785,7.60809,3.0
-0.30758,51.577995,6.36183,3.0
-0.304451,51.585728,8.28375,3.0
-0.286659,51.583718,9.25994,3.0
-0.196715,51.530052,16.7987,5.0
-0.201553,51.543004,20.2839,6.0
-0.202956,51.541664,17.021,5.0
-0.200466,51.539889,17.4705,5.0
-0.196562,51.53874,25.8907,7.0
-0.199724,51.537421,19.1778,5.0
-0.194449,51.535272,27.0788,7.0
-0.199844,51.533488,21.5508,6.0
-0.19536,51.531729,22.5592,6.0
-0.22011,51.558075,16.9757,5.0
-0.223941,51.558907,6.02893,3.0
-0.22412,51.555251,6.41204,3.0
-0.215854,51.555302,24.2404,6.0
-0.218426,51.555058,20.271,6.0
-0.212177,51.551815,15.2121,5.0
-0.221506,51.551575,13.4688,4.0
-0.216356,51.549995,12.834,4.0
-0.207101,51.548639,20.7355,6.0
-0.325817,51.565034,3.15073,2.0
-0.318626,51.566219,4.22988,2.0
-0.307654,51.564316,8.36473,3.0
-0.319757,51.562115,5.34441,3.0
-0.310504,51.566306,3.73595,2.0
-0.325112,51.560568,4.89553,2.0
-0.318871,51.577865,14.9771,4.0
-0.313244,51.569366,6.57701,3.0
-0.299937,51.560397,8.26411,3.0
-0.294956,51.559881,9.18539,3.0
-0.307765,51.574392,4.8928,2.0
-0.299269,51.571779,9.52887,3.0
-0.304792,51.569901,7.54603,3.0
-0.295561,51.56767,9.64411,3.0
-0.290214,51.566124,9.45531,3.0
-0.298573,51.563669,7.48327,3.0
-0.286866,51.563378,15.6884,5.0
-0.22004,51.530424,20.7977,6.0
-0.208291,51.538407,13.5201,4.0
-0.219036,51.536782,14.8603,4.0
-0.214569,51.534333,17.8654,5.0
-0.204405,51.53522,21.4701,6.0
-0.223487,51.535029,18.746,5.0
-0.222626,51.532553,20.9996,6.0
-0.216506,51.531546,25.4762,7.0
-0.270329,51.593919,6.57772,3.0
-0.261586,51.591246,8.43137,3.0
-0.278951,51.590423,7.31725,3.0
-0.269245,51.591109,4.5137,2.0
-0.27878,51.587168,10.2145,4.0
-0.268494,51.597629,13.3227,4.0
-0.27511,51.596259,5.72728,3.0
-0.281579,51.594003,10.194,4.0
-0.2582,51.5436,7.63652,3.0
-0.262575,51.546334,6.14733,3.0
-0.260481,51.539757,17.0746,5.0
-0.260463,51.537978,8.41437,3.0
-0.255316,51.549816,8.08791,3.0
-0.264413,51.551622,8.18938,3.0
-0.258522,51.550693,7.44581,3.0
-0.266503,51.549155,8.91884,3.0
-0.26692,51.544869,10.7299,4.0
-0.33103,51.557425,7.53501,3.0
-0.311374,51.556111,7.60076,3.0
-0.318088,51.557306,8.98574,3.0
-0.324068,51.556133,7.65401,3.0
-0.304835,51.554988,11.5702,4.0
-0.317232,51.552988,15.7886,5.0
-0.310798,51.550261,15.8235,5.0
-0.305881,51.560687,6.7341,3.0
-0.272373,51.555697,8.52318,3.0
-0.289343,51.556225,16.0057,5.0
-0.280954,51.552051,9.45288,3.0
-0.275736,51.550152,5.30492,3.0
-0.271735,51.551178,1.01551,1.0
-0.282115,51.548884,8.14347,3.0
-0.275588,51.546424,10.1976,4.0
-0.25733,51.565487,2.96019,2.0
-0.26468,51.572207,4.83839,2.0
-0.257403,51.573009,1.83461,1.0
-0.263529,51.568426,8.24699,3.0
-0.258612,51.563201,7.31984,3.0
-0.256827,51.561127,10.8824,4.0
-0.252226,51.557323,8.78678,3.0
-0.259515,51.575576,4.47077,2.0
-0.295265,51.550506,12.6801,4.0
-0.303017,51.548148,9.70624,3.0
-0.299694,51.545163,12.2081,4.0
-0.299628,51.549385,21.4938,6.0
-0.301392,51.555315,14.0097,4.0
-0.295602,51.553828,22.6437,6.0
-0.286775,51.551649,16.7044,5.0
-0.23222,51.549587,13.9611,4.0
-0.239333,51.549667,10.6557,4.0
-0.228119,51.549073,14.91,4.0
-0.236481,51.547432,21.8738,6.0
-0.237079,51.550897,17.7922,5.0
-0.224135,51.547802,18.9243,5.0
-0.235421,51.542717,7.8774,3.0
-0.232576,51.54606,15.7692,5.0
0.045885,51.408669,4.29695,2.0
0.030435,51.406637,4.81849,2.0
0.032724,51.403185,2.93262,2.0
0.037427,51.401292,7.97442,3.0
0.055108,51.401997,8.30551,3.0
0.051125,51.396367,4.78328,2.0
0.043047,51.396959,8.29657,3.0
0.049331,51.391707,3.18018,2.0
0.037136,51.410936,3.9032,2.0
0.028103,51.30682,0.711652,1.0
0.022063,51.305537,1.71283,1.0
0.027,51.317488,0.836094,1.0
0.03212,51.313259,4.80241,2.0
0.038561,51.314934,2.0065,1.0
0.025727,51.311233,1.67138,1.0
0.042501,51.385154,6.12614,3.0
0.048364,51.388099,2.57166,2.0
0.060321,51.385216,4.26798,2.0
0.053936,51.381302,1.7047,1.0
0.045162,51.375563,5.66403,3.0
0.032537,51.362434,2.32615,1.0
0.044871,51.368293,5.34512,3.0
0.035291,51.393372,6.62823,3.0
0.038405,51.390693,7.89737,3.0
0.017015,51.396258,20.9143,6.0
0.027646,51.396439,10.8991,4.0
0.003149,51.414654,3.9783,2.0
-0.000283,51.410153,8.33057,3.0
0.007438,51.410792,10.5695,4.0
0.020286,51.404575,24.4005,6.0
0.013601,51.408816,28.5572,7.0
0.008415,51.403314,21.1558,6.0
0.02417,51.400272,10.4015,4.0
0.033046,51.396584,4.63573,2.0
0.114022,51.344346,0.644017,1.0
0.088041,51.367411,7.12198,3.0
0.08453,51.361711,4.28869,2.0
0.089391,51.364356,3.21424,2.0
0.097955,51.360217,3.3141,2.0
0.106151,51.358508,3.08348,2.0
0.092207,51.35798,5.22803,3.0
0.092889,51.352744,3.45597,2.0
0.101113,51.352396,1.88459,1.0
0.074699,51.427354,0.864227,1.0
0.068471,51.423129,4.51981,2.0
0.06248,51.42314,4.50777,2.0
0.070272,51.420471,6.05187,3.0
0.080882,51.412224,2.73488,2.0
0.049886,51.418137,4.15811,2.0
0.059513,51.417045,2.09427,1.0
0.071372,51.41121,3.85493,2.0
0.058525,51.408427,6.06957,3.0
0.092852,51.398659,3.03878,2.0
-0.059818,51.406549,14.3404,4.0
-0.046033,51.406454,12.92,4.0
-0.052982,51.406398,13.9283,4.0
-0.047313,51.408929,19.5921,5.0
-0.03863,51.407045,15.8188,5.0
-0.059023,51.403692,12.0814,4.0
-0.064891,51.404304,8.66781,3.0
-0.050972,51.403216,13.9242,4.0
-0.03884,51.403978,8.49433,3.0
-0.043215,51.400833,11.3352,4.0
-0.033508,51.410036,16.3467,5.0
-0.026955,51.415517,7.75415,3.0
-0.031275,51.414011,10.7344,4.0
-0.01985,51.411634,9.9824,3.0
-0.011742,51.41115,6.10035,3.0
-0.026016,51.408779,19.0414,5.0
-0.016358,51.407326,9.40138,3.0
-0.010566,51.405443,5.9385,3.0
-0.003847,51.404179,10.1245,4.0
-0.02401,51.419513,5.76209,3.0
0.116818,51.396238,6.42454,3.0
0.123853,51.395056,0.28618,1.0
0.12086,51.392742,2.03274,1.0
0.106435,51.389803,10.9295,4.0
0.121528,51.380587,3.18145,2.0
0.11801,51.389597,2.02463,1.0
0.110157,51.385037,8.85412,3.0
0.115764,51.383637,3.59992,2.0
0.102361,51.382515,9.46883,3.0
0.120635,51.399912,1.09329,1.0
0.106816,51.405458,4.38842,2.0
0.105835,51.396451,11.5311,4.0
0.098059,51.396261,4.1597,2.0
0.094563,51.390417,3.8989,2.0
0.101454,51.391955,7.03999,3.0
0.09727,51.387039,2.62358,2.0
0.106161,51.411527,4.89802,2.0
0.095568,51.406298,3.92591,2.0
0.099809,51.40494,3.58034,2.0
0.11106,51.40384,4.34076,2.0
0.106892,51.400479,6.43171,3.0
-0.070479,51.415613,15.3686,5.0
-0.074037,51.415326,19.8266,5.0
-0.065506,51.415762,15.8842,5.0
-0.06491,51.410435,13.1255,4.0
-0.067005,51.406707,8.68306,3.0
-0.062927,51.423535,12.8424,4.0
-0.077813,51.417324,21.8196,6.0
0.028332,51.33314,0.957134,1.0
0.048253,51.305985,0.405613,1.0
0.077637,51.345371,0.476072,1.0
0.069176,51.362758,1.21206,1.0
0.061058,51.363757,2.06822,1.0
0.074824,51.360748,2.24921,1.0
0.068998,51.372423,2.42617,1.0
0.08259,51.376785,11.5688,4.0
0.076979,51.37572,9.75678,3.0
0.060576,51.370367,4.76967,2.0
0.076011,51.369967,3.73619,2.0
0.083904,51.369535,14.8711,4.0
0.010256,51.365258,1.10066,1.0
9e-06,51.36758,4.87486,2.0
0.004245,51.365773,2.3273,1.0
0.01242,51.390059,4.37203,2.0
0.015509,51.384751,3.75679,2.0
0.009746,51.385631,3.74711,2.0
0.018096,51.376509,2.41497,1.0
0.005357,51.380083,7.15412,3.0
0.012462,51.379194,9.53692,3.0
0.006574,51.374219,7.31486,3.0
-0.030845,51.387931,3.35963,2.0
-0.024173,51.403573,6.30486,3.0
-0.034744,51.401688,9.24839,3.0
-0.01717,51.402675,4.6789,2.0
-0.031939,51.398007,3.76763,2.0
-0.03982,51.397715,7.38448,3.0
-0.020967,51.392075,4.91034,2.0
-0.033214,51.392875,6.53104,3.0
-0.042014,51.391302,3.67453,2.0
0.040651,51.437012,3.49308,2.0
0.045248,51.433196,5.5796,3.0
0.049149,51.430252,7.38845,3.0
0.04284,51.427931,5.60989,3.0
0.049552,51.426762,6.55821,3.0
0.054851,51.423995,4.52413,2.0
0.045517,51.42514,3.93254,2.0
0.118854,51.36893,2.56309,2.0
0.114143,51.379731,3.99293,2.0
0.104463,51.375107,11.0892,4.0
0.120839,51.375673,5.12375,3.0
0.096549,51.373623,21.7193,6.0
0.109407,51.375031,5.40641,3.0
0.117625,51.37346,4.3915,2.0
0.105238,51.369527,5.32948,3.0
0.100086,51.365511,5.19259,3.0
0.108915,51.362535,2.99055,2.0
-0.060192,51.413299,13.5919,4.0
-0.042185,51.41174,13.1399,4.0
-0.055336,51.412956,14.3556,4.0
-0.050528,51.413073,17.9432,5.0
-0.060978,51.411458,14.3168,4.0
-0.055138,51.408926,15.2094,5.0
-0.055657,51.419625,16.6572,5.0
-0.0525,51.421365,12.0387,4.0
-0.043455,51.418955,5.26206,3.0
-0.048968,51.416702,13.6843,4.0
-0.055681,51.416999,17.9533,5.0
0.075242,51.3912,7.3957,3.0
0.085481,51.383247,3.24554,2.0
0.066507,51.386221,5.78398,3.0
0.082819,51.388004,8.26036,3.0
0.071613,51.38573,10.7998,4.0
0.096583,51.380115,7.65251,3.0
0.077051,51.382367,5.27963,3.0
0.089749,51.376969,11.9807,4.0
0.082519,51.392595,6.78654,3.0
0.019054,51.424861,6.94499,3.0
0.026653,51.424303,2.37689,1.0
0.019115,51.420384,5.58105,3.0
0.021982,51.415132,4.79018,2.0
0.011509,51.413728,8.20768,3.0
0.020157,51.412213,9.76816,3.0
0.013937,51.411682,15.9188,5.0
0.023718,51.40874,10.3366,4.0
-0.007676,51.392079,2.24561,1.0
0.005598,51.393567,4.84076,2.0
-0.000592,51.401903,8.37147,3.0
0.010636,51.39925,19.1676,5.0
-0.008202,51.397014,3.17597,2.0
0.004547,51.398642,5.77025,3.0
-0.010415,51.380122,5.32819,3.0
-0.001744,51.388586,2.81427,2.0
0.000372,51.383728,3.68791,2.0
-0.018688,51.377749,7.63649,3.0
-0.005189,51.380376,4.10367,2.0
-0.023359,51.379333,5.18839,3.0
-0.003083,51.37464,4.17723,2.0
-0.021378,51.373219,1.55032,1.0
-0.011399,51.370445,3.12167,2.0
-0.014162,51.373925,4.0552,2.0
-0.167569,51.546968,12.1622,4.0
-0.161823,51.547269,13.1695,4.0
-0.17106,51.545178,17.3376,5.0
-0.16272,51.545135,11.618,4.0
-0.165032,51.543834,10.2054,4.0
-0.169848,51.543248,17.3803,5.0
-0.16905,51.54899,13.2437,4.0
-0.165447,51.549407,17.436,5.0
-0.132264,51.521065,62.6618,8.0
-0.138664,51.522254,55.0582,8.0
-0.129189,51.52491,83.1544,8.0
-0.12461,51.524867,73.1792,8.0
-0.1364,51.523338,67.7297,8.0
-0.125412,51.522093,63.19,8.0
-0.142002,51.543307,42.4264,8.0
-0.159452,51.541791,12.1124,4.0
-0.147198,51.542462,25.9939,7.0
-0.154692,51.54104,11.7204,4.0
-0.15483,51.539356,7.15373,3.0
-0.13916,51.539742,41.5854,8.0
-0.148724,51.538772,21.9385,6.0
-0.144037,51.538392,43.6587,8.0
-0.127977,51.544352,7.84971,3.0
-0.134492,51.544602,17.2052,5.0
-0.139658,51.545002,24.6208,6.0
-0.136613,51.542716,35.5049,7.0
-0.128178,51.542117,5.92594,3.0
-0.12977,51.54701,14.1162,4.0
-0.13736,51.547589,22.4492,6.0
-0.204708,51.554241,9.91706,3.0
-0.209364,51.553151,19.5099,5.0
-0.200064,51.552695,10.2418,4.0
-0.192601,51.553017,23.6788,6.0
-0.20467,51.550127,19.1387,5.0
-0.201905,51.548662,15.0746,5.0
-0.195472,51.554522,18.0408,5.0
-0.192534,51.556644,14.2155,4.0
-0.178608,51.55378,18.5891,5.0
-0.184754,51.553312,20.6078,6.0
-0.178935,51.550357,26.9112,7.0
-0.1732,51.548519,21.9953,6.0
-0.177256,51.547189,31.3927,7.0
-0.192236,51.559613,5.72284,3.0
-0.184178,51.558129,5.68296,3.0
-0.154405,51.554785,12.5612,4.0
-0.162524,51.55467,18.925,5.0
-0.158231,51.554357,14.3022,4.0
-0.150773,51.552997,12.6576,4.0
-0.155868,51.552053,11.3929,4.0
-0.151693,51.551272,11.0683,4.0
-0.160707,51.551206,16.9827,5.0
-0.162946,51.55731,4.60725,2.0
-0.174272,51.557064,9.43746,3.0
-0.177037,51.55675,13.906,4.0
-0.171049,51.556167,15.3479,5.0
-0.172239,51.552497,15.777,5.0
-0.164695,51.552255,19.3603,5.0
-0.177694,51.560268,4.94096,2.0
-0.153093,51.548045,16.8435,5.0
-0.149374,51.548861,19.9858,5.0
-0.156633,51.548249,14.9716,4.0
-0.158205,51.549164,13.4116,4.0
-0.148708,51.544332,28.539,7.0
-0.152259,51.546257,20.7067,6.0
-0.156328,51.544838,18.2211,5.0
-0.141989,51.564261,13.7572,4.0
-0.146748,51.564357,6.31415,3.0
-0.148558,51.561568,8.16553,3.0
-0.145503,51.558776,17.9521,5.0
-0.142479,51.558113,19.6645,5.0
-0.148305,51.556396,6.58256,3.0
-0.152125,51.567845,3.64315,2.0
-0.117494,51.519559,60.1685,8.0
-0.11984,51.521082,50.4737,8.0
-0.109057,51.520991,55.1058,8.0
-0.111547,51.521313,58.3439,8.0
-0.12373,51.517184,83.5067,8.0
-0.126586,51.514819,87.5882,8.0
-0.116719,51.52282,43.1404,8.0
-0.139727,51.554667,25.1522,7.0
-0.143288,51.549031,22.4201,6.0
-0.138421,51.55278,22.28,6.0
-0.134695,51.55195,18.733,5.0
-0.135984,51.550121,20.5869,6.0
-0.131742,51.550106,18.2701,5.0
-0.14397,51.546574,30.7341,7.0
-0.142777,51.555134,20.2364,6.0
-0.187067,51.537973,19.4136,5.0
-0.190374,51.537246,27.3387,7.0
-0.197809,51.543081,21.9324,6.0
-0.194556,51.542999,25.2571,7.0
-0.192097,51.540167,28.7906,7.0
-0.181492,51.540199,16.2306,5.0
-0.185472,51.540006,14.4791,4.0
-0.115741,51.52571,32.3907,7.0
-0.122458,51.52547,51.5901,8.0
-0.117377,51.529105,73.2331,8.0
-0.121154,51.528405,82.7078,8.0
-0.11827,51.52714,57.595,8.0
-0.123063,51.52772,71.9473,8.0
-0.126664,51.527526,91.7288,8.0
-0.126564,51.526424,78.3652,8.0
-0.14293,51.527486,30.568,7.0
-0.138597,51.526965,58.5862,8.0
-0.14403,51.527839,23.0251,6.0
-0.139328,51.534778,37.842,7.0
-0.14272,51.535441,20.994,6.0
-0.14285,51.530769,18.7654,5.0
-0.139768,51.530249,27.6479,7.0
-0.14092,51.528908,35.5703,7.0
-0.134949,51.533933,45.221,8.0
-0.130503,51.532729,45.0041,8.0
-0.136922,51.532147,36.3043,7.0
-0.1333,51.531045,63.7766,8.0
-0.129592,51.529809,83.8862,8.0
-0.133528,51.541343,16.2338,5.0
-0.135052,51.538059,36.7298,7.0
-0.13726,51.536648,42.9236,8.0
-0.180263,51.545532,37.2568,7.0
-0.177198,51.541904,28.8328,7.0
-0.182171,51.543417,28.1847,7.0
-0.173803,51.541352,26.8844,7.0
-0.184971,51.545762,36.0696,7.0
-0.190745,51.542621,26.5335,7.0
-0.186182,51.54251,21.1491,6.0
-0.165894,51.539774,7.65545,3.0
-0.192886,51.544837,27.5282,7.0
-0.190026,51.551134,26.6359,7.0
-0.193327,51.550179,22.4513,6.0
-0.196597,51.55065,16.8373,5.0
-0.184837,51.549464,28.7901,7.0
-0.193561,51.547041,28.3065,7.0
-0.199969,51.547122,23.2694,6.0
-0.088116,51.377371,47.5401,8.0
-0.088395,51.381005,17.6807,5.0
-0.076249,51.378224,16.394,5.0
-0.080343,51.37722,17.8068,5.0
-0.08434,51.376975,35.4789,7.0
-0.081751,51.386271,5.00434,3.0
-0.075271,51.384773,11.3124,4.0
-0.081273,51.383998,5.57008,3.0
-0.075874,51.38143,12.1659,4.0
-0.083439,51.381622,9.66633,3.0
-0.062542,51.378941,6.61153,3.0
-0.070735,51.378153,12.0438,4.0
-0.066069,51.380829,12.2564,4.0
-0.046998,51.389243,2.73496,2.0
-0.059297,51.388446,8.96779,3.0
-0.047568,51.385037,1.70561,1.0
-0.059986,51.385325,7.71603,3.0
-0.069458,51.38276,15.1917,5.0
-0.111032,51.402313,5.78846,3.0
-0.115728,51.400345,5.73622,3.0
-0.109836,51.399675,7.88526,3.0
-0.107543,51.397805,14.9387,4.0
-0.104247,51.399142,15.261,5.0
-0.112503,51.397352,9.77532,3.0
-0.101354,51.396528,16.508,5.0
-0.096685,51.394575,14.5739,4.0
-0.107255,51.3942,11.9305,4.0
-0.101596,51.393733,10.512,4.0
-0.104423,51.391192,6.5655,3.0
-0.111441,51.383846,16.5447,5.0
-0.127206,51.383819,7.39707,3.0
-0.127658,51.387034,8.63286,3.0
-0.117686,51.382922,8.70143,3.0
-0.113718,51.38487,11.6571,4.0
-0.115192,51.379985,8.46356,3.0
-0.108896,51.382098,21.9286,6.0
-0.103468,51.382334,35.5055,7.0
-0.107289,51.379403,39.6243,7.0
-0.107138,51.375901,24.7603,6.0
-0.130085,51.313972,6.22204,3.0
-0.129945,51.319478,3.89668,2.0
-0.141673,51.308103,1.37466,1.0
-0.113826,51.306074,2.04846,1.0
-0.127815,51.309933,3.36328,2.0
-0.119194,51.303101,4.67434,2.0
-0.122699,51.299673,1.14617,1.0
-0.109678,51.301364,1.60887,1.0
-0.13452,51.32332,10.4685,4.0
-0.145767,51.320618,8.51651,3.0
-0.15553,51.320086,6.14325,3.0
-0.155719,51.31676,5.27346,3.0
-0.151327,51.31466,2.24387,1.0
-0.138657,51.332447,2.08379,1.0
-0.124439,51.335573,9.23043,3.0
-0.131683,51.329142,5.9164,3.0
-0.140341,51.324486,4.79156,2.0
-0.084471,51.34796,2.77842,2.0
-0.101599,51.350508,9.35754,3.0
-0.093252,51.349756,8.50363,3.0
-0.089363,51.363977,13.8659,4.0
-0.082725,51.360873,5.14987,3.0
-0.095757,51.360381,20.9699,6.0
-0.089986,51.360291,11.1825,4.0
-0.088922,51.354691,3.77248,2.0
-0.095931,51.356467,12.3905,4.0
-0.099778,51.353948,9.03691,3.0
-0.103406,51.370909,36.4641,7.0
-0.098868,51.368007,53.9885,8.0
-0.086458,51.367805,7.24152,3.0
-0.09317,51.371217,60.7208,8.0
-0.083112,51.371925,20.2095,6.0
-0.095432,51.365775,22.8577,6.0
-0.095798,51.380498,60.9067,8.0
-0.074016,51.371998,4.71877,2.0
-0.08494,51.374058,39.7709,7.0
-0.02161,51.355837,6.96127,3.0
-0.017911,51.357756,5.23147,3.0
-0.012793,51.349869,8.99229,3.0
-0.023108,51.353096,11.4463,4.0
-0.014103,51.354388,7.5247,3.0
-0.015654,51.350978,8.14277,3.0
-0.020375,51.34896,10.4083,4.0
-0.038459,51.34693,4.61493,2.0
-0.044314,51.345858,4.41691,2.0
-0.036585,51.34266,2.61159,2.0
-0.046699,51.349125,3.65065,2.0
-0.055364,51.374365,4.77354,2.0
-0.048006,51.372698,6.27467,3.0
-0.044478,51.356869,3.8942,2.0
-0.036847,51.350354,7.73385,3.0
-0.052844,51.349711,2.20907,1.0
-0.119677,51.324603,2.15772,1.0
-0.097113,51.321567,3.55486,2.0
-0.108377,51.324816,3.46202,2.0
-0.113431,51.318135,1.77365,1.0
-0.086498,51.315923,3.236,2.0
-0.104158,51.314042,0.191141,1.0
-0.11812,51.3329,7.29668,3.0
-0.122541,51.329733,8.73726,3.0
-0.106768,51.327843,5.34083,3.0
-0.00987,51.34049,7.85997,3.0
-0.015249,51.344818,11.1982,4.0
-0.019254,51.342067,10.7452,4.0
-0.003308,51.338875,5.73502,3.0
-0.014389,51.338111,8.82638,3.0
-0.007549,51.335067,4.15227,2.0
-0.00899,51.345452,6.28667,3.0
-0.116362,51.415243,8.44081,3.0
-0.111392,51.418306,4.72448,2.0
-0.125412,51.411635,15.3249,5.0
-0.115013,51.4044,6.09406,3.0
-0.118808,51.408951,13.2258,4.0
-0.130175,51.406214,4.84786,2.0
-0.126739,51.407976,12.7121,4.0
-0.122504,51.406118,10.9367,4.0
-0.123464,51.402489,3.0854,2.0
-0.121967,51.342274,5.93937,3.0
-0.109257,51.344762,8.85416,3.0
-0.134594,51.342009,2.05585,1.0
-0.105813,51.344199,10.7356,4.0
-0.103271,51.340717,4.41719,2.0
-0.11416,51.33855,17.5554,5.0
-0.105992,51.33499,3.26602,2.0
-0.109763,51.331341,5.5911,3.0
-0.0975,51.346482,9.60498,3.0
-0.088111,51.334192,1.46314,1.0
-0.077658,51.335025,3.41913,2.0
-0.072829,51.329267,2.02801,1.0
-0.095308,51.329355,1.96121,1.0
-0.068541,51.324281,1.46731,1.0
-0.06536,51.321011,2.00879,1.0
-0.091845,51.343327,2.94006,2.0
-0.081088,51.339952,2.22322,1.0
-0.089842,51.387311,8.95654,3.0
-0.09779,51.383511,28.3125,7.0
-0.089143,51.397086,16.9747,5.0
-0.083735,51.39531,10.6505,4.0
-0.08948,51.393572,15.5807,5.0
-0.093719,51.392366,14.3506,4.0
-0.101529,51.386731,7.95014,3.0
-0.094631,51.389088,13.8783,4.0
-0.107597,51.3857,14.6037,4.0
-0.095503,51.385687,14.7016,4.0
-0.050668,51.341801,2.81466,2.0
-0.057747,51.343795,4.18145,2.0
-0.055361,51.336553,1.18399,1.0
-0.068148,51.354529,3.56812,2.0
-0.062144,51.351843,2.10248,1.0
-0.073413,51.344499,2.58412,2.0
-0.063664,51.344162,6.19633,3.0
-0.051374,51.345003,3.31546,2.0
-0.034295,51.369412,3.62671,2.0
-0.026646,51.369472,3.93676,2.0
-0.03919,51.371872,3.70236,2.0
-0.027775,51.366515,3.31092,2.0
-0.040234,51.387182,1.02423,1.0
-0.04328,51.381012,3.00865,2.0
-0.040705,51.37633,5.21562,3.0
-0.050692,51.378736,4.0949,2.0
-0.029806,51.375058,5.39222,3.0
-0.078455,51.398011,20.6391,6.0
-0.08477,51.413443,7.3365,3.0
-0.07825,51.412746,8.5288,3.0
-0.083057,51.402634,12.2328,4.0
-0.080926,51.408202,5.83809,3.0
-0.07367,51.404846,8.06069,3.0
-0.077528,51.403026,11.5129,4.0
-0.06791,51.401432,10.6516,4.0
-0.081958,51.399629,19.0996,5.0
-0.071085,51.399336,20.6841,6.0
-0.094665,51.405658,4.45021,2.0
-0.102531,51.406241,5.38933,3.0
-0.095994,51.408015,3.73534,2.0
-0.091072,51.4062,3.9559,2.0
-0.087191,51.40287,5.4912,3.0
-0.103322,51.403359,11.5244,4.0
-0.09919,51.402071,14.2179,4.0
-0.094702,51.401777,12.7251,4.0
-0.092976,51.399034,16.3767,5.0
-0.096882,51.397886,18.3158,5.0
-0.090465,51.415098,7.79475,3.0
-0.105839,51.413457,4.17033,2.0
-0.089736,51.409864,6.97896,3.0
-0.098501,51.415413,6.86094,3.0
-0.10274,51.410427,3.7993,2.0
-0.11126,51.408929,4.91127,2.0
-0.092455,51.419655,9.15466,3.0
-0.103176,51.420702,8.4111,3.0
-0.084696,51.418564,18.0235,5.0
-0.114539,51.371442,16.8347,5.0
-0.107148,51.370874,21.47,6.0
-0.117279,51.366125,10.6564,4.0
-0.11321,51.36943,13.6122,4.0
-0.11067,51.361707,6.67047,3.0
-0.101593,51.364409,18.5177,5.0
-0.106308,51.364563,11.0295,4.0
-0.115258,51.361083,5.20042,3.0
-0.106193,51.353798,3.92644,2.0
-0.1193,51.39416,3.57748,2.0
-0.11064,51.392627,12.1109,4.0
-0.117309,51.391737,7.8819,3.0
-0.125394,51.388449,5.57449,3.0
-0.108438,51.38948,11.3036,4.0
-0.117604,51.389141,6.14915,3.0
-0.119629,51.386846,8.17941,3.0
-0.112477,51.387919,11.9405,4.0
-0.119975,51.399785,5.69905,3.0
-0.115316,51.395808,9.61681,3.0
-0.121248,51.39723,4.81027,2.0
-0.06894,51.387289,14.2253,4.0
-0.06822,51.390921,10.3514,4.0
-0.076694,51.387965,5.57256,3.0
-0.072262,51.393429,16.6518,5.0
-0.06263,51.390336,12.9091,4.0
-0.063646,51.398935,8.52501,3.0
-0.071166,51.395869,20.2794,6.0
-0.067087,51.396993,13.6709,4.0
-0.0761,51.390487,5.90949,3.0
-0.064319,51.393189,9.51461,3.0
-0.274569,51.519939,8.06875,3.0
-0.264373,51.51669,11.8436,4.0
-0.275687,51.514433,7.27699,3.0
-0.265863,51.514759,6.1072,3.0
-0.270443,51.513758,7.80866,3.0
-0.263984,51.510465,4.75259,2.0
-0.267037,51.511846,5.55384,3.0
-0.271207,51.509132,15.4907,5.0
-0.266017,51.50796,11.5373,4.0
-0.3252,51.520283,9.82003,3.0
-0.328034,51.516684,7.12506,3.0
-0.330833,51.520818,5.11688,3.0
-0.323178,51.514947,11.1594,4.0
-0.321701,51.52564,8.15917,3.0
-0.314236,51.52689,4.40132,2.0
-0.330771,51.527663,9.25472,3.0
-0.311413,51.52412,6.77418,3.0
-0.317774,51.523133,8.41055,3.0
-0.377814,51.514668,12.4024,4.0
-0.367714,51.515441,8.05694,3.0
-0.374779,51.513046,17.6073,5.0
-0.367387,51.512508,10.8794,4.0
-0.363033,51.521707,4.49055,2.0
-0.356893,51.518586,4.8878,2.0
-0.361595,51.517805,5.44864,3.0
-0.358019,51.5172,7.48066,3.0
-0.302224,51.512508,31.6011,7.0
-0.317263,51.512884,19.6876,5.0
-0.300459,51.52074,14.3254,4.0
-0.319474,51.519283,8.95784,3.0
-0.302931,51.517869,32.1159,7.0
-0.308995,51.519804,16.6827,5.0
-0.315682,51.517361,9.71054,3.0
-0.31205,51.515039,24.1783,6.0
-0.29971,51.50181,7.69599,3.0
-0.302166,51.506196,8.20796,3.0
-0.286801,51.503576,13.3763,4.0
-0.294473,51.504241,3.38281,2.0
-0.304176,51.500257,12.0256,4.0
-0.289686,51.512358,16.0027,5.0
-0.295565,51.513969,28.2544,7.0
-0.300776,51.510303,14.1672,4.0
-0.297784,51.508422,4.9571,2.0
-0.261206,51.519452,18.5242,5.0
-0.254756,51.522796,14.9832,4.0
-0.252155,51.516742,21.5877,6.0
-0.255062,51.514597,9.75545,3.0
-0.259012,51.511967,3.50465,2.0
-0.248717,51.510221,13.3793,4.0
-0.252843,51.507551,10.7863,4.0
-0.24817,51.505968,10.9549,4.0
-0.260144,51.531137,12.8549,4.0
-0.267304,51.522563,10.3616,4.0
-0.332407,51.501966,4.91454,2.0
-0.32348,51.511585,18.7442,5.0
-0.329465,51.510341,13.1669,4.0
-0.338967,51.509899,14.279,4.0
-0.336186,51.507759,14.8905,4.0
-0.33663,51.503955,5.60893,3.0
-0.340907,51.50543,8.62924,3.0
-0.329123,51.504466,7.70175,3.0
-0.377409,51.533857,7.0454,3.0
-0.364717,51.532893,10.0857,4.0
-0.36195,51.529214,11.9615,4.0
-0.348122,51.530545,13.7473,4.0
-0.353387,51.526877,16.0815,5.0
-0.367906,51.536135,5.98263,3.0
-0.372514,51.537029,3.78341,2.0
-0.360459,51.535588,3.27381,2.0
-0.355884,51.541335,2.13603,1.0
-0.342766,51.538281,9.70967,3.0
-0.348675,51.534421,8.61345,3.0
-0.355335,51.534344,4.44543,2.0
-0.342843,51.551697,8.36389,3.0
-0.355048,51.548831,3.36559,2.0
-0.349794,51.550669,6.9661,3.0
-0.348842,51.541537,14.6829,4.0
-0.287593,51.51993,9.99397,3.0
-0.282686,51.519974,8.73261,3.0
-0.294792,51.517599,18.8954,5.0
-0.284455,51.5339,6.17392,3.0
-0.295328,51.530975,12.7076,4.0
-0.288989,51.527642,17.0625,5.0
-0.301837,51.527727,6.53397,3.0
-0.295617,51.525191,8.94619,3.0
-0.307171,51.525836,5.89419,3.0
-0.334506,51.524316,8.6282,3.0
-0.340064,51.5245,12.9575,4.0
-0.344386,51.522312,7.34406,3.0
-0.338644,51.521028,7.67392,3.0
-0.333221,51.51864,6.75251,3.0
-0.344276,51.520104,5.17745,3.0
-0.337608,51.516646,8.26332,3.0
-0.333209,51.514124,8.6852,3.0
-0.339362,51.513396,5.79316,3.0
-0.366446,51.527926,8.70156,3.0
-0.360104,51.525527,7.31996,3.0
-0.367436,51.525754,5.52276,3.0
-0.373042,51.524952,5.55236,3.0
-0.37074,51.523633,5.83494,3.0
-0.369954,51.520405,6.06176,3.0
-0.37676,51.519101,5.43935,3.0
-0.371634,51.517464,7.63031,3.0
-0.324481,51.499408,9.2001,3.0
-0.310076,51.498383,13.2409,4.0
-0.305311,51.497489,8.74339,3.0
-0.313258,51.495851,11.1281,4.0
-0.311396,51.50098,12.4175,4.0
-0.309262,51.494284,9.87991,3.0
-0.326012,51.502829,7.02562,3.0
-0.320763,51.501462,9.20336,3.0
-0.33618,51.550504,2.71695,2.0
-0.318684,51.549871,4.37092,2.0
-0.350737,51.555931,4.05564,2.0
-0.356755,51.555846,6.85308,3.0
-0.346318,51.554886,6.10874,3.0
-0.334922,51.554399,11.9273,4.0
-0.324649,51.552807,7.06644,3.0
-0.329624,51.552175,4.14117,2.0
-0.357104,51.551914,7.7952,3.0
-0.363596,51.554164,9.92037,3.0
-0.376021,51.552076,6.90337,3.0
-0.366927,51.551823,10.7324,4.0
-0.360545,51.549259,10.536,4.0
-0.383117,51.549106,1.14032,1.0
-0.378618,51.546563,7.9491,3.0
-0.366228,51.546335,10.0203,4.0
-0.372467,51.545018,14.4146,4.0
-0.381216,51.540044,6.31855,3.0
-0.406539,51.535241,1.6983,1.0
-0.384758,51.541446,1.3623,1.0
-0.394179,51.538081,6.8946,3.0
-0.388218,51.537,6.96882,3.0
-0.398914,51.535069,4.09514,2.0
-0.387182,51.532164,6.55277,3.0
-0.393852,51.532867,6.28616,3.0
-0.383064,51.531674,7.33593,3.0
-0.377816,51.502692,11.5261,4.0
-0.371764,51.500183,4.94345,2.0
-0.369028,51.497021,1.55448,1.0
-0.373194,51.494827,3.76878,2.0
-0.350938,51.508135,3.47932,2.0
-0.364321,51.509079,5.79925,3.0
-0.365672,51.502084,2.0779,1.0
-0.35292,51.50671,4.40091,2.0
-0.312831,51.540156,3.12931,2.0
-0.30979,51.541728,4.0642,2.0
-0.317253,51.542096,4.17243,2.0
-0.325058,51.538874,9.27271,3.0
-0.307625,51.53646,4.40317,2.0
-0.334298,51.536797,7.01963,3.0
-0.315858,51.534112,4.07255,2.0
-0.330608,51.534632,10.9236,4.0
-0.340835,51.533937,8.29634,3.0
-0.283417,51.513106,11.7325,4.0
-0.273358,51.507285,19.5928,5.0
-0.285517,51.51017,18.863,5.0
-0.276865,51.503778,18.2015,5.0
-0.280016,51.50741,20.0663,6.0
-0.267246,51.50411,14.0272,4.0
-0.272243,51.504747,16.5029,5.0
-0.27104,51.502509,10.0101,4.0
-0.275956,51.501578,13.3212,4.0
-0.384253,51.511858,8.32297,3.0
-0.380731,51.509922,15.3754,5.0
-0.375266,51.508968,15.907,5.0
-0.383085,51.507618,11.7676,4.0
-0.386677,51.513701,6.80424,3.0
-0.382265,51.515365,4.90491,2.0
-0.387987,51.509661,1.96248,1.0
-0.393265,51.501942,5.22467,3.0
-0.384798,51.500222,14.3203,4.0
-0.392442,51.500381,6.58663,3.0
-0.379513,51.49922,10.4996,4.0
-0.395031,51.498354,4.14536,2.0
-0.386954,51.497104,6.87915,3.0
-0.382872,51.49725,7.11601,3.0
-0.387039,51.502989,9.24759,3.0
-0.267365,51.499608,7.19784,3.0
-0.257662,51.5017,7.88778,3.0
-0.263571,51.502413,6.40356,3.0
-0.258305,51.497853,13.3374,4.0
-0.261344,51.49962,8.07519,3.0
-0.269842,51.496852,12.2946,4.0
-0.254746,51.505211,9.9014,3.0
-0.315186,51.50529,9.00221,3.0
-0.324433,51.50631,8.34792,3.0
-0.319832,51.505277,11.5707,4.0
-0.317415,51.50218,11.0812,4.0
-0.307391,51.505629,10.2136,4.0
-0.31393,51.508749,16.6774,5.0
-0.318527,51.50948,19.7149,5.0
-0.324191,51.508659,15.5369,5.0
-0.123778,51.610972,22.0523,6.0
-0.113182,51.610824,11.9268,4.0
-0.129138,51.611004,15.6239,5.0
-0.118904,51.610767,15.7885,5.0
-0.105198,51.61115,11.4705,4.0
-0.098473,51.610558,2.87649,2.0
-0.108648,51.609325,11.9094,4.0
-0.098238,51.614134,7.4498,3.0
-0.072391,51.639045,8.65624,3.0
-0.072501,51.635159,7.35201,3.0
-0.078066,51.637344,7.77059,3.0
-0.065695,51.640358,8.2105,3.0
-0.087569,51.634344,6.76976,3.0
-0.081471,51.632043,5.44121,3.0
-0.08608,51.626859,1.38797,1.0
-0.07475,51.644015,8.7394,3.0
-0.068238,51.642772,8.22871,3.0
-0.061462,51.667462,1.17166,1.0
-0.085088,51.664965,9.04163,3.0
-0.061198,51.662369,3.28459,2.0
-0.06188,51.66499,1.52191,1.0
-0.08069,51.663948,5.30008,3.0
-0.063172,51.677249,0.567043,1.0
-0.082176,51.668389,2.48798,1.0
-0.090781,51.665838,3.94336,2.0
-0.148381,51.647855,7.82283,3.0
-0.12368,51.644911,6.84386,3.0
-0.161726,51.667544,0.982582,1.0
-0.139122,51.646637,9.09324,3.0
-0.131483,51.645394,11.7099,4.0
-0.138928,51.642001,4.87497,2.0
-0.13616,51.639495,6.27626,3.0
-0.175119,51.665045,1.58118,1.0
-0.067506,51.624738,12.8801,4.0
-0.063643,51.623602,21.2573,6.0
-0.064966,51.618401,17.237,5.0
-0.056472,51.619541,7.94062,3.0
-0.053771,51.615213,2.87703,2.0
-0.067739,51.621747,8.04777,3.0
-0.058257,51.624126,22.6282,6.0
-0.060966,51.619429,19.3486,5.0
-0.054338,51.617341,6.33529,3.0
-0.060547,51.61536,14.7528,4.0
-0.032048,51.662951,5.31403,3.0
-0.035624,51.661326,3.48845,2.0
-0.041157,51.662438,5.15217,3.0
-0.040459,51.658203,4.71077,2.0
-0.03471,51.653243,1.97324,1.0
-0.03415,51.656795,7.039,3.0
-0.045661,51.659344,7.97897,3.0
-0.049126,51.654273,7.76851,3.0
-0.040385,51.666066,5.27178,3.0
-0.038666,51.670341,8.96896,3.0
-0.031208,51.677414,6.07616,3.0
-0.022132,51.671103,3.27794,2.0
-0.035164,51.674129,7.56173,3.0
-0.030213,51.672953,6.99831,3.0
-0.03388,51.670093,7.98339,3.0
-0.027295,51.668989,7.15805,3.0
-0.079424,51.648031,16.3938,5.0
-0.083524,51.646299,8.44367,3.0
-0.089785,51.640025,3.50152,2.0
-0.105446,51.643463,5.34408,3.0
-0.098683,51.64218,7.6884,3.0
-0.082716,51.63905,5.50234,3.0
-0.09507,51.637517,8.25406,3.0
-0.094029,51.651812,14.2864,4.0
-0.074887,51.615483,10.5278,4.0
-0.066587,51.631752,5.01113,3.0
-0.063754,51.627461,17.6689,5.0
-0.072375,51.627908,5.73127,3.0
-0.068286,51.628561,8.25871,3.0
-0.079213,51.622623,5.47216,3.0
-0.073765,51.622726,4.29331,2.0
-0.082345,51.619895,6.53176,3.0
-0.07415,51.618377,9.78184,3.0
-0.077726,51.618487,8.5854,3.0
-0.106255,51.665561,4.64574,2.0
-0.096983,51.662068,8.29827,3.0
-0.107704,51.654877,2.17007,1.0
-0.101339,51.660049,4.387,2.0
-0.093339,51.656431,10.9356,4.0
-0.112393,51.649731,3.26282,2.0
-0.098863,51.655127,7.25554,3.0
-0.121737,51.648496,5.90111,3.0
-0.047952,51.638906,7.52983,3.0
-0.042466,51.637208,2.05333,1.0
-0.06103,51.639096,3.89408,2.0
-0.054584,51.634652,6.5805,3.0
-0.0648,51.634378,4.34252,2.0
-0.043187,51.634306,3.89618,2.0
-0.049454,51.633875,4.53853,2.0
-0.04215,51.630489,1.3126,1.0
-0.055095,51.639837,4.78858,2.0
-0.055575,51.626893,20.3416,6.0
-0.050314,51.623305,5.79745,3.0
-0.053018,51.631115,11.7077,4.0
-0.060995,51.631198,10.0051,4.0
-0.05007,51.629877,7.01077,3.0
-0.059097,51.62933,17.5329,5.0
-0.050417,51.626684,8.64801,3.0
-0.097565,51.624266,3.66313,2.0
-0.09153,51.621681,3.24991,2.0
-0.103025,51.621409,8.26542,3.0
-0.096867,51.620329,2.86578,2.0
-0.08687,51.621291,2.7382,2.0
-0.105989,51.618817,11.0077,4.0
-0.093044,51.617346,5.506,3.0
-0.103406,51.615693,6.56153,3.0
-0.11166,51.615399,12.5109,4.0
-0.0436,51.642001,6.39368,3.0
-0.051879,51.642299,7.15,3.0
-0.04024,51.64919,6.6924,3.0
-0.046225,51.64987,13.4337,4.0
-0.034915,51.646745,3.20376,2.0
-0.044828,51.646352,13.134,4.0
-0.051067,51.645027,10.6091,4.0
-0.039456,51.645542,8.03187,3.0
-0.037086,51.64324,6.11118,3.0
-0.063083,51.647658,9.96331,3.0
-0.073348,51.649321,14.4902,4.0
-0.053228,51.656244,7.43327,3.0
-0.068436,51.645761,5.78446,3.0
-0.062849,51.644297,8.15854,3.0
-0.055548,51.661276,3.86339,2.0
-0.048714,51.661266,5.99545,3.0
-0.069947,51.651292,8.49619,3.0
-0.128427,51.632446,16.7571,5.0
-0.124232,51.634938,11.8367,4.0
-0.126235,51.628225,11.2338,4.0
-0.114146,51.646004,3.44205,2.0
-0.11284,51.641048,2.54461,2.0
-0.127055,51.639351,8.07689,3.0
-0.131782,51.637964,8.66593,3.0
-0.11805,51.638035,3.27332,2.0
-0.117179,51.61574,8.82121,3.0
-0.137576,51.613439,17.6354,5.0
-0.139525,51.615537,23.4961,6.0
-0.129112,51.613468,16.4096,5.0
-0.116085,51.626081,5.2557,3.0
-0.118934,51.623998,6.98344,3.0
-0.12739,51.621711,5.02745,3.0
-0.135218,51.618425,15.5492,5.0
-0.12381,51.616567,12.4735,4.0
-0.086316,51.656289,16.2406,5.0
-0.068946,51.665571,3.08794,2.0
-0.068583,51.66091,2.47806,1.0
-0.073701,51.662723,3.62389,2.0
-0.089487,51.661765,10.0645,4.0
-0.08375,51.660293,7.14989,3.0
-0.078215,51.659084,6.09526,3.0
-0.071154,51.657617,3.31608,2.0
-0.075369,51.654925,13.137,4.0
-0.047804,51.675756,3.99603,2.0
-0.03951,51.676281,4.36887,2.0
-0.043272,51.671002,7.18474,3.0
-0.049053,51.671636,5.88398,3.0
-0.04652,51.66651,4.96912,2.0
-0.050884,51.664538,4.12527,2.0
-0.046973,51.680632,3.8337,2.0
-0.036771,51.679934,7.18376,3.0
-0.081945,51.609811,6.27548,3.0
-0.067479,51.610768,14.8202,4.0
-0.062737,51.610924,16.8233,5.0
-0.091729,51.612376,5.51978,3.0
-0.058579,51.610024,4.19238,2.0
-0.063931,51.613142,19.9923,5.0
-0.054723,51.611681,4.19771,2.0
-0.085825,51.613774,8.10062,3.0
-0.079803,51.613179,6.18583,3.0
-0.103348,51.625663,7.85202,3.0
-0.100958,51.629803,8.09673,3.0
-0.109471,51.624363,6.13872,3.0
-0.112041,51.621349,10.6742,4.0
-0.103524,51.637618,7.63737,3.0
-0.108127,51.629266,4.31206,2.0
-0.098223,51.633381,9.19083,3.0
-0.094052,51.629023,4.11679,2.0
0.111813,51.488241,7.74002,3.0
0.117046,51.487661,12.9467,4.0
0.107377,51.486527,8.06914,3.0
0.112606,51.48547,4.48118,2.0
0.117999,51.49781,11.7311,4.0
0.109137,51.4955,4.19249,2.0
0.114333,51.493854,12.0021,4.0
0.116647,51.491154,13.1268,4.0
0.105895,51.49124,4.57239,2.0
0.01578,51.475769,13.6361,4.0
0.020357,51.478552,18.2808,5.0
0.025172,51.46926,5.49672,3.0
0.021261,51.472965,6.40135,3.0
0.015551,51.467163,7.16297,3.0
0.014381,51.482525,13.5187,4.0
0.01409,51.479522,14.2767,4.0
0.007656,51.48076,10.9412,4.0
0.043058,51.483185,9.09045,3.0
0.038385,51.486736,15.3215,5.0
0.030304,51.484805,18.1375,5.0
0.034848,51.482951,15.4697,5.0
0.0253,51.482666,15.1137,5.0
0.024998,51.478871,13.6624,4.0
0.030683,51.480599,11.2771,4.0
0.03197,51.477709,8.93928,3.0
0.065788,51.428304,4.12536,2.0
0.046373,51.438186,9.20431,3.0
0.05256,51.43658,7.24491,3.0
0.062756,51.432735,5.55739,3.0
0.067566,51.435317,11.0486,4.0
0.072559,51.433231,7.92187,3.0
0.054511,51.431525,5.5598,3.0
0.059088,51.427698,6.56139,3.0
0.053277,51.457194,16.4534,5.0
0.065001,51.461882,5.17734,3.0
0.06076,51.459976,3.93432,2.0
0.054054,51.459908,10.7723,4.0
0.062677,51.454358,9.34922,3.0
0.056237,51.45318,20.6723,6.0
0.055934,51.465088,3.3297,2.0
0.0524,51.463771,5.26864,3.0
0.063779,51.449303,9.08314,3.0
0.081507,51.45354,6.93113,3.0
0.05211,51.446729,9.83596,3.0
0.065461,51.441439,9.25403,3.0
0.082014,51.443031,6.40856,3.0
0.073796,51.439577,10.172,4.0
0.041206,51.454387,7.6276,3.0
0.047407,51.454017,16.7791,5.0
0.034644,51.462204,9.01112,3.0
0.045667,51.462573,6.64714,3.0
0.042132,51.45978,6.10696,3.0
0.076308,51.489681,28.0165,7.0
0.08258,51.488952,23.6378,6.0
0.084975,51.486218,17.7636,5.0
0.075462,51.484617,9.81652,3.0
0.079359,51.487032,11.0927,4.0
0.089207,51.483414,6.77586,3.0
0.085488,51.483998,9.82039,3.0
0.079912,51.48355,8.01945,3.0
-0.016291,51.469917,15.6187,5.0
-0.013099,51.481528,21.108,6.0
-0.011042,51.479381,22.003,6.0
-0.008456,51.475437,7.90462,3.0
-0.01674,51.473561,20.0301,6.0
0.036763,51.469938,4.08741,2.0
0.04688,51.472467,10.1039,4.0
0.030942,51.469489,5.0229,3.0
0.047093,51.468556,3.83941,2.0
0.040616,51.464858,2.25407,1.0
0.038036,51.477082,6.70168,3.0
0.041953,51.47529,4.89099,2.0
0.031253,51.474501,7.27366,3.0
0.03721,51.4461,3.33861,2.0
0.025868,51.444941,2.71472,2.0
0.041746,51.444177,5.77586,3.0
0.01888,51.463029,3.82789,2.0
0.013391,51.459275,8.32607,3.0
0.021679,51.455534,6.88436,3.0
0.026188,51.452006,7.59428,3.0
0.026285,51.447916,4.25407,2.0
0.039681,51.448983,6.34564,3.0
0.007373,51.485617,14.7547,4.0
0.00281,51.483643,18.6908,5.0
0.013076,51.486226,17.1326,5.0
0.027124,51.486733,13.3967,4.0
0.009576,51.48794,9.6074,3.0
0.00179,51.486076,15.0711,5.0
0.102095,51.481197,4.49534,2.0
0.092393,51.479162,4.85209,2.0
0.093123,51.489078,6.79843,3.0
0.091087,51.488031,18.9953,5.0
0.099812,51.488279,8.69146,3.0
0.08994,51.486259,13.2773,4.0
0.102109,51.485157,9.76127,3.0
0.096628,51.485191,8.80362,3.0
0.09024,51.474967,4.0287,2.0
0.064456,51.473345,4.96099,2.0
0.071635,51.473551,3.20166,2.0
0.073802,51.47794,5.21925,3.0
0.065339,51.470664,5.11951,3.0
0.083158,51.479134,6.50069,3.0
0.084503,51.475194,4.61331,2.0
0.089273,51.477318,4.76072,2.0
0.067576,51.476407,4.7133,2.0
0.085991,51.495749,9.81414,3.0
0.115381,51.508899,8.81189,3.0
0.117978,51.505801,9.11052,3.0
0.114167,51.50552,5.74261,3.0
0.117574,51.503047,9.35191,3.0
0.112427,51.50184,4.59608,2.0
0.071791,51.487572,30.148,7.0
0.067146,51.487493,39.5561,7.0
0.067378,51.483849,17.7606,5.0
0.065498,51.480466,5.18507,3.0
0.062725,51.484822,13.6846,4.0
0.07125,51.483383,12.1093,4.0
0.061099,51.477121,8.75448,3.0
0.062456,51.479485,2.9455,2.0
0.070409,51.480191,6.82808,3.0
0.075813,51.479863,7.74434,3.0
0.056562,51.489403,17.9844,5.0
0.049358,51.489436,12.1296,4.0
0.048516,51.486524,10.4058,4.0
0.042304,51.490509,9.32718,3.0
0.053068,51.488832,16.733,5.0
0.049573,51.494256,9.86764,3.0
0.056552,51.492858,17.7268,5.0
0.04761,51.491042,13.6005,4.0
-0.095091,51.568563,22.2945,6.0
-0.09712,51.567116,34.1677,7.0
-0.099536,51.565932,38.1211,7.0
-0.095392,51.564978,13.3067,4.0
-0.100635,51.563538,45.3669,8.0
-0.093704,51.562344,13.1775,4.0
-0.096161,51.562443,26.0275,7.0
-0.062053,51.563682,15.7142,5.0
-0.068248,51.564238,20.1773,6.0
-0.071295,51.564745,22.2223,6.0
-0.068836,51.568882,16.4691,5.0
-0.071415,51.568829,20.0355,6.0
-0.064681,51.567689,11.8331,4.0
-0.062261,51.565778,13.7357,4.0
-0.042444,51.547543,19.3979,5.0
-0.046015,51.546312,19.9055,5.0
-0.052273,51.54554,28.9991,7.0
-0.048786,51.544755,22.0533,6.0
-0.042405,51.551213,15.8591,5.0
-0.052352,51.551609,31.4647,7.0
-0.04964,51.549757,25.1142,7.0
-0.080549,51.556442,9.24521,3.0
-0.086846,51.557471,9.14911,3.0
-0.08827,51.555163,13.532,4.0
-0.084643,51.55436,15.3851,5.0
-0.081894,51.553244,19.0568,5.0
-0.080031,51.560399,12.1197,4.0
-0.082963,51.559276,8.91873,3.0
-0.070098,51.544143,25.5591,7.0
-0.070343,51.553015,16.42,5.0
-0.06609,51.552956,14.8335,4.0
-0.075843,51.551279,24.584,6.0
-0.070082,51.548828,30.7987,7.0
-0.066383,51.54588,27.3842,7.0
-0.078438,51.54025,20.7304,6.0
-0.08276,51.542706,22.086,6.0
-0.08578,51.537439,13.4473,4.0
-0.082626,51.538381,13.2462,4.0
-0.079269,51.536625,19.1709,5.0
-0.080432,51.534357,17.3956,5.0
-0.078552,51.544638,30.4511,7.0
-0.057433,51.551934,25.3951,7.0
-0.059734,51.550193,29.7331,7.0
-0.06526,51.550405,26.6748,7.0
-0.05665,51.54873,36.8567,7.0
-0.063974,51.54837,31.5836,7.0
-0.059512,51.545953,30.3792,7.0
-0.061962,51.544642,24.9477,6.0
-0.065904,51.558843,19.5365,5.0
-0.063376,51.556974,12.3483,4.0
-0.059543,51.560738,20.2887,6.0
-0.062901,51.561493,20.1154,6.0
-0.067746,51.560743,23.887,6.0
-0.058458,51.558184,24.8603,6.0
-0.071276,51.537992,17.6674,5.0
-0.074422,51.536199,18.3073,5.0
-0.07096,51.533588,17.6693,5.0
-0.064508,51.534436,11.0014,4.0
-0.074156,51.533463,20.6871,6.0
-0.077731,51.53152,25.6752,7.0
-0.09148,51.53059,26.9558,7.0
-0.084531,51.528004,37.2004,7.0
-0.085497,51.532473,17.3974,5.0
-0.093478,51.533215,12.9071,4.0
-0.088971,51.531627,24.3934,6.0
-0.081804,51.530952,22.5587,6.0
-0.0382,51.550495,12.9576,4.0
-0.033423,51.551402,2.67104,2.0
-0.042185,51.557257,5.03816,3.0
-0.038151,51.555334,3.5312,2.0
-0.043236,51.555029,5.54548,3.0
-0.03354,51.552296,6.60471,3.0
-0.039227,51.553323,7.56684,3.0
-0.053523,51.559493,21.0307,6.0
-0.048361,51.556517,13.6069,4.0
-0.052558,51.556439,22.9605,6.0
-0.049842,51.553688,18.8688,5.0
-0.046358,51.553482,15.5029,5.0
-0.055525,51.56266,16.1,5.0
-0.078038,51.569684,14.4054,4.0
-0.074737,51.568409,20.2464,6.0
-0.083762,51.566165,8.13367,3.0
-0.080434,51.567625,8.90057,3.0
-0.088389,51.564603,6.05651,3.0
-0.08593,51.567949,6.74969,3.0
-0.075137,51.565021,19.5453,5.0
-0.082391,51.562938,8.51787,3.0
-0.080129,51.573778,13.7012,4.0
-0.072641,51.571858,22.7209,6.0
-0.076034,51.57269,21.2494,6.0
-0.085697,51.573834,12.8134,4.0
-0.080935,51.57151,10.5478,4.0
-0.094541,51.572424,27.3909,7.0
-0.070404,51.575061,22.4269,6.0
-0.064084,51.539289,13.0801,4.0
-0.064194,51.541917,12.3444,4.0
-0.069242,51.540943,14.5195,4.0
-0.068259,51.537409,12.5464,4.0
-0.064934,51.536449,11.2855,4.0
-0.057571,51.565176,11.5382,4.0
-0.061948,51.575227,4.39832,2.0
-0.062512,51.569934,6.39963,3.0
-0.065334,51.574977,12.8345,4.0
-0.067394,51.571235,15.5592,5.0
-0.057921,51.56774,6.24512,3.0
-0.054202,51.566953,8.10657,3.0
-0.07682,51.56059,19.9941,5.0
-0.075848,51.557331,19.4194,5.0
-0.072843,51.561374,26.1101,7.0
-0.071317,51.558111,22.0006,6.0
-0.070691,51.555419,15.7732,5.0
-0.075354,51.554747,17.1627,5.0
-0.077294,51.55347,19.4627,5.0
-0.045809,51.537168,7.14736,3.0
-0.054101,51.53625,19.0507,5.0
-0.050921,51.542624,22.4844,6.0
-0.054251,51.539792,27.0887,7.0
-0.049649,51.54068,17.0152,5.0
-0.043168,51.53954,7.21144,3.0
-0.053256,51.537875,19.8267,5.0
-0.048787,51.53856,11.9823,4.0
-0.045242,51.543176,15.3985,5.0
-0.03965,51.542935,11.1784,4.0
-0.02767,51.547065,8.47432,3.0
-0.035744,51.547573,14.4175,4.0
-0.036792,51.545082,14.6459,4.0
-0.029369,51.545032,10.5115,4.0
-0.041021,51.544939,15.3991,5.0
-0.218701,51.498876,27.4169,7.0
-0.216664,51.501758,35.7209,7.0
-0.224353,51.500209,31.6565,7.0
-0.220509,51.501431,38.2792,7.0
-0.213745,51.499451,21.7608,6.0
-0.222066,51.498388,29.5229,7.0
-0.220553,51.503406,41.8017,8.0
-0.236971,51.501558,10.758,4.0
-0.252344,51.502931,5.89318,3.0
-0.240762,51.505481,14.0358,4.0
-0.244326,51.505373,11.8285,4.0
-0.234349,51.503221,13.926,4.0
-0.238824,51.502727,12.2007,4.0
-0.241006,51.503585,10.9118,4.0
-0.246633,51.503218,6.1866,3.0
-0.20974,51.494667,27.0556,7.0
-0.218625,51.49374,36.5579,7.0
-0.207167,51.493374,26.1137,7.0
-0.218032,51.49614,34.8747,7.0
-0.205301,51.492411,22.8124,6.0
-0.213048,51.493204,28.9011,7.0
-0.210457,51.491836,26.8532,7.0
-0.214167,51.497654,13.3277,4.0
-0.227952,51.51653,12.4288,4.0
-0.245815,51.515817,24.0184,6.0
-0.236777,51.515516,7.54971,3.0
-0.234531,51.531184,7.6722,3.0
-0.247419,51.518295,22.164,6.0
-0.207702,51.482354,10.3729,4.0
-0.195364,51.48202,15.8487,5.0
-0.200685,51.481946,22.1271,6.0
-0.203888,51.480943,18.0451,5.0
-0.196992,51.485058,30.1086,7.0
-0.200597,51.484631,28.5489,7.0
-0.20443,51.483657,18.5902,5.0
-0.212537,51.483689,11.5994,4.0
-0.217371,51.484128,12.9319,4.0
-0.222166,51.48319,13.1518,4.0
-0.21774,51.488808,17.3667,5.0
-0.217512,51.485994,18.6165,5.0
-0.222392,51.485941,20.6091,6.0
-0.213173,51.486514,9.19952,3.0
-0.226678,51.489576,37.2811,7.0
-0.232178,51.491906,30.7033,7.0
-0.23147,51.499356,16.1283,5.0
-0.227761,51.500123,27.0853,7.0
-0.229508,51.498131,25.8155,7.0
-0.227453,51.495876,47.0035,8.0
-0.228879,51.492866,38.8981,7.0
-0.222974,51.489737,35.9671,7.0
-0.20704,51.478971,13.6968,4.0
-0.210194,51.479456,11.1985,4.0
-0.211313,51.481498,11.3134,4.0
-0.214024,51.479422,10.0848,4.0
-0.212952,51.476561,10.1906,4.0
-0.211295,51.475271,12.8076,4.0
-0.210631,51.473538,17.2494,5.0
-0.207739,51.488479,20.6515,6.0
-0.206552,51.486663,21.9269,6.0
-0.211255,51.489483,22.6554,6.0
-0.203966,51.488262,21.2924,6.0
-0.201724,51.486922,26.4231,7.0
-0.209716,51.486045,20.3907,6.0
-0.207529,51.489652,22.0617,6.0
-0.215718,51.473715,12.9314,4.0
-0.207031,51.467839,14.1061,4.0
-0.221842,51.480748,8.48765,3.0
-0.218582,51.478371,8.78817,3.0
-0.220883,51.476779,6.72204,3.0
-0.191278,51.480108,22.3507,6.0
-0.191796,51.478608,23.5796,6.0
-0.197794,51.474869,15.5779,5.0
-0.190571,51.47622,18.8185,5.0
-0.193704,51.474355,16.4333,5.0
-0.195931,51.472151,11.2043,4.0
-0.203737,51.471248,17.1532,5.0
-0.246594,51.500097,9.29892,3.0
-0.235633,51.497905,15.6955,5.0
-0.233315,51.496252,22.6342,6.0
-0.243015,51.497984,12.0684,4.0
-0.241649,51.494416,17.8779,5.0
-0.237842,51.492316,20.5937,6.0
-0.242697,51.491859,15.3082,5.0
-0.197662,51.468522,5.70779,3.0
-0.188869,51.471257,11.3311,4.0
-0.191597,51.469897,7.60191,3.0
-0.189731,51.467471,12.2659,4.0
-0.18548,51.473626,12.2132,4.0
-0.230283,51.50288,18.218,5.0
-0.226833,51.504071,35.423,7.0
-0.231944,51.505197,19.1223,5.0
-0.223083,51.505798,38.9978,7.0
-0.216937,51.508055,25.9777,7.0
-0.231726,51.507665,13.7473,4.0
-0.228767,51.508465,20.2491,6.0
-0.199609,51.478071,16.0178,5.0
-0.203679,51.47508,14.7052,4.0
-0.207016,51.476539,14.5174,4.0
-0.203164,51.477506,18.3188,5.0
-0.205623,51.473343,15.7079,5.0
-0.209065,51.471385,24.5006,6.0
-0.199309,51.47934,20.6443,6.0
-0.239256,51.508137,11.7927,4.0
-0.237415,51.511858,6.18756,3.0
-0.242939,51.509112,10.6588,4.0
-0.230512,51.513195,5.8514,3.0
-0.233832,51.513658,5.37843,3.0
-0.244534,51.512641,8.38498,3.0
-0.23615,51.508192,11.9181,4.0
-0.232702,51.511698,5.07781,3.0
-0.130848,51.602379,4.35859,2.0
-0.141397,51.599042,5.75329,3.0
-0.125145,51.59873,9.12448,3.0
-0.128341,51.600317,11.6548,4.0
-0.134522,51.597512,4.85654,2.0
-0.138081,51.594714,6.1274,3.0
-0.142602,51.595847,11.4542,4.0
-0.115229,51.60489,17.1817,5.0
-0.123952,51.604379,19.1231,5.0
-0.114445,51.602409,20.7745,6.0
-0.119153,51.601289,18.835,5.0
-0.130419,51.608136,14.1758,4.0
-0.120356,51.606992,21.4996,6.0
-0.114152,51.60743,15.0086,5.0
-0.075016,51.595416,17.0044,5.0
-0.077722,51.596349,12.6833,4.0
-0.071056,51.597329,22.805,6.0
-0.072096,51.592599,26.924,7.0
-0.080657,51.592085,7.19553,3.0
-0.074229,51.591012,22.7172,6.0
-0.078135,51.590803,9.30547,3.0
-0.083436,51.590115,6.60909,3.0
-0.129292,51.575244,6.90362,3.0
-0.129141,51.578216,6.26197,3.0
-0.117464,51.577454,9.87737,3.0
-0.139229,51.577076,10.2329,4.0
-0.121621,51.577039,11.1774,4.0
-0.128848,51.580694,5.97875,3.0
-0.122368,51.580165,11.7294,4.0
-0.148036,51.591802,10.8383,4.0
-0.157336,51.5909,5.72074,3.0
-0.152543,51.589337,6.36317,3.0
-0.158712,51.58318,8.09537,3.0
-0.155191,51.60029,2.84053,2.0
-0.148203,51.596614,7.13672,3.0
-0.143931,51.593358,14.1467,4.0
-0.106186,51.587407,20.4844,6.0
-0.101186,51.582386,17.8191,5.0
-0.104471,51.581595,11.0004,4.0
-0.102111,51.578475,16.2744,5.0
-0.101385,51.575949,28.7293,7.0
-0.105536,51.58805,28.4334,7.0
-0.103321,51.585226,22.47,6.0
-0.139216,51.5737,14.673,4.0
-0.137017,51.572487,12.2017,4.0
-0.145529,51.575644,16.8044,5.0
-0.153833,51.57383,4.39824,2.0
-0.142504,51.571386,16.1737,5.0
-0.154765,51.578503,3.83909,2.0
-0.149174,51.5782,10.8464,4.0
-0.124976,51.588569,5.29557,3.0
-0.116055,51.586196,15.1752,5.0
-0.121444,51.585321,8.69039,3.0
-0.11492,51.583312,12.4701,4.0
-0.119855,51.582639,12.5105,4.0
-0.12363,51.590534,4.1238,2.0
-0.133577,51.586053,7.20425,3.0
-0.138465,51.589228,8.57564,3.0
-0.128911,51.587807,7.09473,3.0
-0.145978,51.588963,11.9249,4.0
-0.142758,51.587397,9.17213,3.0
-0.126862,51.583447,7.87105,3.0
-0.14258,51.584405,4.83291,2.0
-0.105483,51.593841,29.3411,7.0
-0.100513,51.59447,16.3865,5.0
-0.096491,51.596571,14.3582,4.0
-0.110487,51.596129,27.6246,7.0
-0.110242,51.591576,18.6663,5.0
-0.105877,51.591099,35.8071,7.0
-0.100254,51.597822,18.6713,5.0
-0.10368,51.596606,24.5788,6.0
-0.067392,51.606385,17.9726,5.0
-0.062812,51.606201,12.596,4.0
-0.056769,51.604953,5.60859,3.0
-0.066637,51.601337,17.2911,5.0
-0.057175,51.603384,10.2248,4.0
-0.059804,51.600932,11.1355,4.0
-0.071592,51.601274,15.9945,5.0
-0.094848,51.582272,7.49433,3.0
-0.091724,51.584442,10.5245,4.0
-0.097885,51.581067,15.8118,5.0
-0.084877,51.582455,10.3467,4.0
-0.081643,51.580863,15.5966,5.0
-0.09638,51.578865,15.4553,5.0
-0.09658,51.585109,17.3588,5.0
-0.087125,51.584709,9.75451,3.0
-0.068445,51.57873,18.3487,5.0
-0.071928,51.578987,29.0397,7.0
-0.064719,51.578369,4.52285,2.0
-0.077163,51.577154,22.5215,6.0
-0.082112,51.578203,12.8814,4.0
-0.071204,51.57685,24.7519,6.0
-0.083747,51.576662,11.8134,4.0
-0.089478,51.577519,3.9649,2.0
-0.095023,51.575208,19.2417,5.0
-0.110413,51.579365,7.25735,3.0
-0.114163,51.578488,10.1713,4.0
-0.107935,51.575965,11.6706,4.0
-0.113991,51.574125,13.9798,4.0
-0.108434,51.573059,17.501,5.0
-0.11166,51.570714,29.6774,7.0
-0.108332,51.568975,40.116,8.0
-0.069317,51.587322,35.249,7.0
-0.082176,51.587698,10.4349,4.0
-0.06582,51.586077,25.9971,7.0
-0.075592,51.585644,29.1353,7.0
-0.081575,51.584911,16.5093,5.0
-0.067377,51.584554,36.128,7.0
-0.072105,51.581841,32.1932,7.0
-0.077851,51.582953,24.4239,6.0
-0.064458,51.599437,16.1545,5.0
-0.057603,51.598811,7.64326,3.0
-0.060216,51.596595,7.8354,3.0
-0.067114,51.594501,21.8826,6.0
-0.057268,51.585211,16.5842,5.0
-0.063567,51.595437,15.1631,5.0
-0.06417,51.59226,17.4508,5.0
-0.067492,51.590613,31.706,7.0
-0.082521,51.596532,5.26625,3.0
-0.096666,51.592771,12.9234,4.0
-0.092775,51.590431,7.06441,3.0
-0.099771,51.589724,32.6268,7.0
-0.085741,51.590913,6.07318,3.0
-0.095545,51.587931,20.5788,6.0
-0.093052,51.595646,11.3333,4.0
-0.081111,51.594985,4.62245,2.0
-0.092785,51.607959,4.43606,2.0
-0.083043,51.60638,10.2624,4.0
-0.076358,51.605972,11.2721,4.0
-0.089364,51.604835,9.1637,3.0
-0.082657,51.600865,8.56103,3.0
-0.081186,51.598875,10.4466,4.0
-0.088403,51.601784,11.5762,4.0
-0.089323,51.599263,11.1328,4.0
-0.114819,51.59838,31.8988,7.0
-0.105675,51.60038,17.225,5.0
-0.094049,51.599783,11.3071,4.0
-0.106306,51.607128,4.38739,2.0
-0.1087,51.605428,10.0549,4.0
-0.10123,51.600916,11.0979,4.0
-0.096261,51.602029,7.75759,3.0
-0.109058,51.599425,31.5116,7.0
-0.321947,51.602932,3.62664,2.0
-0.301206,51.601174,2.83864,2.0
-0.310868,51.601978,4.25284,2.0
-0.309053,51.60978,4.20748,2.0
-0.305728,51.603816,5.97362,3.0
-0.315046,51.602652,4.09008,2.0
-0.297161,51.621348,6.15153,3.0
-0.293821,51.617108,2.54529,2.0
-0.307105,51.618663,1.51628,1.0
-0.301669,51.614998,4.80612,2.0
-0.285805,51.613359,6.20727,3.0
-0.298114,51.608774,6.9707,3.0
-0.28364,51.609863,11.9563,4.0
-0.279395,51.606829,13.7771,4.0
-0.287683,51.60649,5.85658,3.0
-0.284399,51.602635,4.12416,2.0
-0.276126,51.603264,5.75923,3.0
-0.272276,51.601696,13.4042,4.0
-0.281293,51.599986,3.03255,2.0
-0.275518,51.598511,9.0629,3.0
-0.330078,51.58143,26.3567,7.0
-0.322665,51.581905,18.8352,5.0
-0.339206,51.583525,14.069,4.0
-0.339536,51.579089,26.4433,7.0
-0.331526,51.586182,18.4525,5.0
-0.325173,51.58534,6.53152,3.0
-0.343143,51.568884,9.26165,3.0
-0.34958,51.567317,9.18069,3.0
-0.337823,51.56449,3.71297,2.0
-0.336445,51.558942,8.7729,3.0
-0.352451,51.572358,9.32134,3.0
-0.337433,51.572282,13.453,4.0
-0.355736,51.570514,5.02084,3.0
-0.351594,51.60628,6.02289,3.0
-0.345285,51.606055,8.0965,3.0
-0.33176,51.605666,4.99761,2.0
-0.338463,51.606652,10.896,4.0
-0.348555,51.602721,7.52672,3.0
-0.345979,51.611261,1.64267,1.0
-0.332701,51.610372,5.93427,3.0
-0.375209,51.612007,0.936908,1.0
-0.366069,51.61346,1.22008,1.0
-0.360584,51.610017,8.23542,3.0
-0.382859,51.608233,2.96627,2.0
-0.370691,51.607951,6.84171,3.0
-0.354906,51.603555,9.74229,3.0
-0.379036,51.605205,4.2706,2.0
-0.369104,51.582065,12.3132,4.0
-0.354232,51.598784,4.39177,2.0
-0.367213,51.59401,1.90346,1.0
-0.361617,51.592547,6.05169,3.0
-0.364143,51.586172,11.9061,4.0
-0.371022,51.587354,5.69312,3.0
-0.352793,51.58525,7.91382,3.0
-0.349804,51.582457,12.1416,4.0
-0.359179,51.586617,13.9476,4.0
-0.348216,51.592482,5.68922,3.0
-0.353021,51.589972,7.46044,3.0
-0.346093,51.587277,3.36821,2.0
-0.286811,51.587476,8.01081,3.0
-0.292948,51.590022,4.52992,2.0
-0.297629,51.591547,3.92671,2.0
-0.299909,51.593457,4.34752,2.0
-0.287275,51.590724,8.20812,3.0
-0.305962,51.591856,7.48029,3.0
-0.29724,51.588474,3.53079,2.0
-0.322076,51.591283,5.88181,3.0
-0.315907,51.590255,6.3859,3.0
-0.31187,51.59097,8.13771,3.0
-0.306045,51.588171,8.25115,3.0
-0.315414,51.585403,11.2074,4.0
-0.317521,51.598864,4.3459,2.0
-0.317996,51.595251,5.35355,3.0
-0.335977,51.593384,19.1454,5.0
-0.331568,51.591503,15.9124,5.0
-0.342349,51.588943,8.11366,3.0
-0.3366,51.587447,13.1961,4.0
-0.330028,51.596979,10.732,4.0
-0.326689,51.596034,6.03532,3.0
-0.398567,51.600926,4.13556,2.0
-0.394369,51.598205,4.89275,2.0
-0.389175,51.601895,4.00632,2.0
-0.380656,51.599096,4.67791,2.0
-0.376644,51.593446,7.81173,3.0
-0.395057,51.605754,0.734658,1.0
-0.38386,51.578694,3.34303,2.0
-0.391223,51.593753,4.98027,2.0
-0.380227,51.588915,9.69307,3.0
-0.387432,51.587913,4.26002,2.0
-0.379057,51.584175,4.25349,2.0
-0.386618,51.583237,3.44001,2.0
-0.307928,51.597289,5.0889,3.0
-0.283723,51.597156,7.24538,3.0
-0.307928,51.594804,7.44419,3.0
-0.289284,51.59865,5.39606,3.0
-0.300052,51.596608,4.0298,2.0
-0.292539,51.595655,6.92978,3.0
-0.295271,51.599733,4.58829,2.0
-0.372599,51.571273,14.6783,4.0
-0.367764,51.571715,14.3339,4.0
-0.380312,51.566301,4.6496,2.0
-0.376235,51.580332,7.41351,3.0
-0.372724,51.577581,14.8031,4.0
-0.377506,51.573287,9.77544,3.0
-0.363944,51.567381,6.32218,3.0
-0.36741,51.565253,8.05433,3.0
-0.355702,51.566899,12.7349,4.0
-0.378335,51.562421,5.13101,3.0
-0.373938,51.562713,5.96981,3.0
-0.375575,51.56682,5.32505,3.0
-0.363326,51.571077,5.81532,3.0
-0.360416,51.562741,12.2521,4.0
-0.354057,51.562751,15.4041,5.0
-0.368627,51.560801,4.55245,2.0
-0.358578,51.559077,11.2533,4.0
-0.367168,51.557564,6.3186,3.0
-0.376062,51.558188,4.36898,2.0
-0.374014,51.555151,3.04498,2.0
-0.322182,51.622957,1.75818,1.0
-0.313882,51.617858,5.30459,3.0
-0.32911,51.615441,3.76308,2.0
-0.320163,51.613964,3.47336,2.0
-0.310198,51.61337,2.41961,1.0
-0.326591,51.609882,2.97338,2.0
-0.327838,51.601295,4.32826,2.0
-0.341959,51.601898,9.99304,3.0
-0.335927,51.599071,14.1991,4.0
-0.34542,51.599355,3.8861,2.0
-0.332481,51.600051,7.95813,3.0
-0.338871,51.596211,13.9499,4.0
-0.346288,51.578756,18.1677,5.0
-0.353663,51.57954,9.37251,3.0
-0.364351,51.577128,10.2116,4.0
-0.348183,51.576834,11.2694,4.0
-0.361299,51.573369,5.00786,3.0
-0.361244,51.581482,13.0755,4.0
0.173749,51.581246,14.5099,4.0
0.168825,51.578039,5.23004,3.0
0.17039,51.581037,9.1399,3.0
0.161767,51.573645,2.71669,2.0
0.168935,51.573501,4.43939,2.0
0.17363,51.566675,6.74329,3.0
0.180188,51.567068,12.7569,4.0
0.153324,51.569421,2.26154,1.0
0.165785,51.56438,8.71603,3.0
0.275866,51.567511,1.44704,1.0
0.259364,51.570836,2.19965,1.0
0.263589,51.564006,4.51793,2.0
0.238935,51.561938,2.1321,1.0
0.27191,51.563566,3.63439,2.0
0.252836,51.56161,14.9467,4.0
0.269709,51.568325,4.56305,2.0
0.267162,51.571622,0.661991,1.0
0.19128,51.549707,2.38011,1.0
0.19562,51.550361,11.2591,4.0
0.194647,51.546687,9.34301,3.0
0.202976,51.539711,2.23081,1.0
0.198822,51.543333,6.80166,3.0
0.206859,51.54304,2.48052,1.0
0.191511,51.542114,3.9442,2.0
0.196401,51.53965,4.73692,2.0
0.231082,51.584946,1.41548,1.0
0.237553,51.578263,1.81813,1.0
0.222936,51.575489,3.93687,2.0
0.231889,51.575241,1.23824,1.0
0.207688,51.574424,7.37129,3.0
0.237364,51.568623,2.31536,1.0
0.214374,51.572227,6.79855,3.0
0.229259,51.566764,3.79637,2.0
0.22143,51.614112,0.834587,1.0
0.242151,51.605242,1.77749,1.0
0.225577,51.61079,6.12731,3.0
0.23704,51.608928,5.13857,3.0
0.216368,51.609127,5.90782,3.0
0.234008,51.606463,5.47366,3.0
0.219951,51.606055,6.59224,3.0
0.239019,51.60248,4.86809,2.0
0.220004,51.603954,4.27953,2.0
0.217898,51.549497,6.41369,3.0
0.208476,51.548358,1.53204,1.0
0.203503,51.548285,8.12388,3.0
0.211661,51.545458,3.26005,2.0
0.232742,51.555912,6.30277,3.0
0.222844,51.552441,9.15911,3.0
0.216237,51.553938,10.053,4.0
0.230705,51.552565,3.07737,2.0
0.223405,51.593184,4.6787,2.0
0.236149,51.591017,2.87437,2.0
0.226755,51.589383,5.58112,3.0
0.248425,51.601173,0.406222,1.0
0.225624,51.600926,4.66927,2.0
0.237871,51.597667,5.74951,3.0
0.230672,51.600637,5.29101,3.0
0.231901,51.596021,9.87475,3.0
0.168426,51.603759,4.97542,2.0
0.161276,51.602949,5.37297,3.0
0.176923,51.602304,5.06421,3.0
0.178243,51.609028,0.736619,1.0
0.159398,51.608313,0.794609,1.0
0.171653,51.606249,3.6604,2.0
0.167261,51.607878,4.41836,2.0
0.156683,51.6042,2.62696,2.0
0.207122,51.598486,3.78252,2.0
0.214589,51.595378,4.51911,2.0
0.205529,51.596475,2.35809,1.0
0.215977,51.612786,3.54009,2.0
0.210126,51.60839,3.88134,2.0
0.213177,51.603895,4.76735,2.0
0.208659,51.601058,4.54522,2.0
0.214726,51.600122,2.98846,2.0
0.203711,51.570417,3.9746,2.0
0.2103,51.567073,5.95754,3.0
0.193307,51.566095,6.30086,3.0
0.199586,51.56705,4.0685,2.0
0.202171,51.563768,4.96778,2.0
0.190825,51.558382,2.71623,2.0
0.18892,51.562124,3.51347,2.0
0.19816,51.560163,1.19427,1.0
0.158021,51.592683,3.23053,2.0
0.16095,51.596977,8.62595,3.0
0.164509,51.594119,6.57834,3.0
0.165407,51.589313,6.49247,3.0
0.162327,51.585598,4.75897,2.0
0.158603,51.584378,1.57229,1.0
0.155424,51.600206,5.56346,3.0
0.170312,51.598502,5.74047,3.0
0.179658,51.597531,3.81509,2.0
0.186249,51.592805,1.24285,1.0
0.170408,51.592663,6.44552,3.0
0.177027,51.593308,3.71171,2.0
0.197972,51.588646,2.76698,2.0
0.172345,51.589913,7.43056,3.0
0.182805,51.587515,2.78331,2.0
0.176573,51.586115,11.2218,4.0
0.182311,51.601026,3.63813,2.0
0.201802,51.519741,4.2182,2.0
0.207842,51.523449,2.69775,2.0
0.207546,51.518539,0.579829,1.0
0.194568,51.517661,7.40675,3.0
0.19814,51.516572,5.26042,3.0
0.201636,51.512972,1.87127,1.0
0.217443,51.524954,0.723705,1.0
0.212621,51.527089,3.31984,2.0
0.186831,51.570715,27.5309,7.0
0.192546,51.569911,9.33551,3.0
0.195714,51.574516,7.53239,3.0
0.182307,51.582491,14.8267,4.0
0.196151,51.583584,6.46174,3.0
0.197668,51.580761,7.17816,3.0
0.177388,51.574402,26.7229,7.0
0.189922,51.573891,19.7836,5.0
0.224127,51.564924,7.48759,3.0
0.225317,51.558754,10.5158,4.0
0.216469,51.561264,13.0282,4.0
0.232165,51.560114,10.6077,4.0
0.209648,51.557904,6.07623,3.0
0.215784,51.557341,10.2746,4.0
0.200811,51.552748,8.83177,3.0
0.20594,51.553604,7.26676,3.0
0.216673,51.567162,7.76784,3.0
0.170071,51.527493,3.87648,2.0
0.177963,51.526448,3.85533,2.0
0.187358,51.52455,2.75145,2.0
0.184525,51.527916,6.45978,3.0
0.195014,51.536131,5.21501,3.0
0.187457,51.533098,3.62359,2.0
0.193175,51.532236,2.32465,1.0
0.183094,51.534181,2.88103,2.0
0.208336,51.585751,7.92106,3.0
0.219069,51.585488,3.75448,2.0
0.22564,51.583568,2.68192,2.0
0.206087,51.581257,12.4053,4.0
0.212952,51.58296,8.02626,3.0
0.213618,51.576989,6.50685,3.0
0.201734,51.577167,8.82818,3.0
0.21374,51.589476,4.22547,2.0
0.257223,51.557275,10.1165,4.0
0.253426,51.544787,0.576846,1.0
0.244071,51.556871,12.7604,4.0
0.254208,51.5531,1.92184,1.0
0.250156,51.548323,2.10815,1.0
0.241684,51.547924,0.884774,1.0
0.243279,51.551154,3.6671,2.0
0.272045,51.558835,0.269091,1.0
-0.407576,51.531511,3.54938,2.0
-0.402171,51.529196,5.47491,3.0
-0.410085,51.52389,1.33582,1.0
-0.403431,51.52374,4.20121,2.0
-0.402561,51.519314,6.73295,3.0
-0.418379,51.523435,9.63589,3.0
-0.413718,51.522342,6.81137,3.0
-0.40686,51.521182,5.45319,3.0
-0.442091,51.521215,4.92686,2.0
-0.432245,51.522555,5.05247,3.0
-0.438367,51.520939,5.37098,3.0
-0.435465,51.519325,4.11304,2.0
-0.42953,51.516828,4.14126,2.0
-0.429083,51.514237,5.2036,3.0
-0.421667,51.509106,7.27089,3.0
-0.419874,51.501871,14.9861,4.0
-0.449468,51.526676,7.98781,3.0
-0.444158,51.525186,6.38966,3.0
-0.45294,51.530795,7.32259,3.0
-0.476269,51.525061,3.38741,2.0
-0.460647,51.527328,7.4615,3.0
-0.477823,51.521195,3.98652,2.0
-0.472834,51.532852,7.25484,3.0
-0.39957,51.56398,3.10999,2.0
-0.394735,51.564138,1.84516,1.0
-0.402673,51.575625,8.52369,3.0
-0.38952,51.573786,5.46504,3.0
-0.395041,51.573338,9.51351,3.0
-0.402418,51.571034,3.30311,2.0
-0.393157,51.568259,2.31647,1.0
-0.422834,51.530772,4.62929,2.0
-0.434433,51.527672,3.05698,2.0
-0.417305,51.530257,5.29873,3.0
-0.426004,51.534007,3.52584,2.0
-0.42057,51.526357,7.68046,3.0
-0.425769,51.526541,5.82371,3.0
-0.422851,51.536222,2.66693,2.0
-0.436576,51.536675,3.22305,2.0
-0.419236,51.58216,0.554296,1.0
-0.393251,51.579952,7.42617,3.0
-0.400382,51.579899,9.18316,3.0
-0.404534,51.582877,3.22636,2.0
-0.428257,51.580886,2.65528,2.0
-0.416128,51.577981,6.87354,3.0
-0.410208,51.585778,2.56049,2.0
-0.396362,51.585331,2.90634,2.0
-0.493888,51.610008,0.240965,1.0
-0.480908,51.605774,2.38888,1.0
-0.473114,51.60434,1.20851,1.0
-0.482952,51.600151,0.729898,1.0
-0.484111,51.591445,1.15238,1.0
-0.421353,51.482415,5.17736,3.0
-0.479919,51.484822,4.0722,2.0
-0.466349,51.497897,5.18992,3.0
-0.459823,51.492445,2.79044,2.0
-0.451039,51.483803,4.75634,2.0
-0.435189,51.488095,5.89817,3.0
-0.437483,51.483617,9.38271,3.0
-0.438807,51.546552,2.42859,1.0
-0.446594,51.546627,4.19972,2.0
-0.444831,51.549238,6.8061,3.0
-0.445419,51.542172,2.22589,1.0
-0.440119,51.543237,0.501776,1.0
-0.443871,51.53073,4.41949,2.0
-0.450021,51.537325,3.50716,2.0
-0.44743,51.533355,3.72181,2.0
-0.454449,51.566094,1.81312,1.0
-0.450385,51.569133,2.32543,1.0
-0.44553,51.562549,8.36988,3.0
-0.466247,51.561555,0.958075,1.0
-0.459312,51.563119,2.05361,1.0
-0.450667,51.556977,5.49091,3.0
-0.438385,51.55978,4.9929,2.0
-0.416606,51.565272,7.99062,3.0
-0.405549,51.564935,5.11503,3.0
-0.421328,51.567637,8.92569,3.0
-0.407734,51.567761,7.82585,3.0
-0.412857,51.568123,9.64402,3.0
-0.415237,51.573298,12.52,4.0
-0.408696,51.572697,9.94919,3.0
-0.428319,51.609749,7.28296,3.0
-0.441689,51.605988,0.951307,1.0
-0.418909,51.605546,2.98082,2.0
-0.438528,51.614246,3.28632,2.0
-0.430034,51.61548,4.28853,2.0
-0.418553,51.614648,4.96786,2.0
-0.419763,51.609727,8.95702,3.0
-0.415305,51.5948,2.67619,2.0
-0.400977,51.594708,2.35467,1.0
-0.40854,51.591463,3.88632,2.0
-0.409883,51.61025,3.69988,2.0
-0.405445,51.601301,7.47246,3.0
-0.413221,51.606127,6.5183,3.0
-0.411791,51.600612,9.20889,3.0
-0.44176,51.502089,2.40549,1.0
-0.435812,51.502668,4.21167,2.0
-0.433229,51.500122,5.38934,3.0
-0.422845,51.498785,17.7191,5.0
-0.430532,51.497128,8.17782,3.0
-0.419191,51.495893,4.86264,2.0
-0.414608,51.496047,4.18735,2.0
-0.424377,51.495398,5.29541,3.0
-0.417284,51.560397,1.52927,1.0
-0.407228,51.559055,8.17087,3.0
-0.383886,51.559353,2.8291,2.0
-0.398695,51.555319,8.86139,3.0
-0.392709,51.560747,7.71931,3.0
-0.400486,51.551466,2.71738,2.0
-0.409363,51.513725,6.61386,3.0
-0.416965,51.514454,6.35696,3.0
-0.413865,51.510971,8.89968,3.0
-0.423133,51.516435,5.9726,3.0
-0.40596,51.511815,5.67278,3.0
-0.416486,51.506796,14.4689,4.0
-0.41046,51.507915,1.58668,1.0
-0.413323,51.518121,9.77219,3.0
-0.457459,51.53908,2.89495,2.0
-0.455583,51.536761,4.42856,2.0
-0.474102,51.552909,4.04951,2.0
-0.453955,51.550225,6.06116,3.0
-0.47975,51.551175,14.7576,4.0
-0.467984,51.54741,8.3654,3.0
-0.454422,51.545826,2.19197,1.0
-0.479186,51.528641,4.54559,2.0
-0.483259,51.523887,1.75118,1.0
-0.488116,51.540216,0.920126,1.0
-0.482931,51.545065,11.9729,4.0
-0.483917,51.540268,6.77781,3.0
-0.473408,51.503771,5.88075,3.0
-0.461467,51.503535,3.88082,2.0
-0.48031,51.50153,1.7563,1.0
-0.460879,51.500498,3.17383,2.0
-0.469304,51.507725,11.2418,4.0
-0.473026,51.496732,3.38288,2.0
-0.478136,51.508098,6.10043,3.0
-0.461291,51.506662,3.40202,2.0
-0.442433,51.580573,0.850302,1.0
-0.435008,51.575609,5.61959,3.0
-0.424018,51.573133,14.494,4.0
-0.432147,51.569508,8.45962,3.0
-0.438296,51.567394,8.7211,3.0
-0.438173,51.585244,2.3688,1.0
-0.434922,51.580406,2.7634,2.0
-0.391779,51.52959,3.31471,2.0
-0.383954,51.528088,3.50453,2.0
-0.39675,51.527975,5.47178,3.0
-0.393047,51.526091,3.08424,2.0
-0.386586,51.520423,1.82092,1.0
-0.391241,51.521365,2.54742,2.0
-0.396901,51.517815,4.31848,2.0
-0.390437,51.515518,5.41121,3.0
-0.465862,51.512683,3.96665,2.0
-0.449027,51.520266,5.26495,3.0
-0.468757,51.520095,1.61395,1.0
-0.461161,51.522063,5.68722,3.0
-0.467917,51.516034,6.4691,3.0
-0.463872,51.518293,5.09357,3.0
-0.475582,51.512891,4.65665,2.0
-0.432878,51.458801,5.07501,3.0
-0.426449,51.455586,3.7819,2.0
-0.439194,51.453775,5.15537,3.0
-0.433542,51.453787,5.25246,3.0
-0.441842,51.448758,1.67801,1.0
-0.427811,51.450951,2.54301,2.0
-0.431127,51.44815,0.418319,1.0
-0.297944,51.495682,4.65083,2.0
-0.318626,51.493494,8.76867,3.0
-0.304208,51.493693,7.97876,3.0
-0.311243,51.49042,9.35835,3.0
-0.29394,51.488822,9.9988,3.0
-0.303699,51.487289,14.3013,4.0
-0.299608,51.48893,11.3967,4.0
-0.253099,51.488924,5.89787,3.0
-0.253303,51.49226,19.6988,5.0
-0.252469,51.483509,3.55658,2.0
-0.25698,51.480044,2.16444,1.0
-0.252253,51.496922,14.9101,4.0
-0.247372,51.495636,17.4444,5.0
-0.247803,51.492034,12.348,4.0
-0.271596,51.485021,6.54085,3.0
-0.268329,51.486736,4.2213,2.0
-0.266647,51.482167,7.80573,3.0
-0.271396,51.479342,5.2453,3.0
-0.283107,51.489496,14.1321,4.0
-0.280118,51.48785,8.73213,3.0
-0.275898,51.485859,2.78394,2.0
-0.408485,51.480157,5.95185,3.0
-0.412959,51.478924,8.15749,3.0
-0.403716,51.476281,6.49332,3.0
-0.40904,51.475772,3.34745,2.0
-0.396264,51.473894,8.06199,3.0
-0.398955,51.472021,1.7599,1.0
-0.397961,51.46864,2.9941,2.0
-0.419586,51.452075,6.67115,3.0
-0.396992,51.45242,3.36427,2.0
-0.406337,51.457444,7.38814,3.0
-0.408751,51.452859,14.4667,4.0
-0.403002,51.454357,10.9792,4.0
-0.41501,51.455733,6.27371,3.0
-0.424942,51.44317,1.80511,1.0
-0.416734,51.441667,7.40118,3.0
-0.418083,51.445112,3.71577,2.0
-0.421837,51.44173,3.65198,2.0
-0.426561,51.436344,1.48001,1.0
-0.423037,51.433241,2.31287,1.0
-0.421147,51.448644,4.82379,2.0
-0.375675,51.441302,3.24896,2.0
-0.379088,51.438306,5.60174,3.0
-0.388197,51.435798,4.52205,2.0
-0.385135,51.441669,6.51199,3.0
-0.390887,51.432769,5.81968,3.0
-0.385394,51.432631,5.85408,3.0
-0.392261,51.42838,1.82567,1.0
-0.398461,51.446578,4.2809,2.0
-0.405334,51.44611,15.5552,5.0
-0.390595,51.443957,6.48639,3.0
-0.412325,51.438048,4.93128,2.0
-0.402744,51.438174,3.75133,2.0
-0.418042,51.437081,4.91559,2.0
-0.403648,51.4349,2.29096,1.0
-0.378293,51.480722,5.16797,3.0
-0.384476,51.481335,5.78591,3.0
-0.378004,51.48485,6.17735,3.0
-0.375704,51.476596,4.0215,2.0
-0.38879,51.476963,10.0433,4.0
-0.383565,51.477106,11.159,4.0
-0.382247,51.473716,12.5781,4.0
-0.378227,51.492108,3.55851,2.0
-0.374292,51.489238,3.74707,2.0
-0.368779,51.487713,2.35038,1.0
-0.370456,51.481568,4.83552,2.0
-0.365659,51.478406,7.73502,3.0
-0.3582,51.478179,9.60233,3.0
-0.381889,51.494276,3.08743,2.0
-0.384586,51.485114,3.92926,2.0
-0.402928,51.48553,3.50432,2.0
-0.394511,51.484199,4.11431,2.0
-0.393896,51.478666,4.78657,2.0
-0.390169,51.481732,3.53391,2.0
-0.394371,51.495551,4.82529,2.0
-0.387788,51.491885,3.00416,2.0
-0.355872,51.475392,12.7452,4.0
-0.359696,51.473542,16.9798,5.0
-0.364247,51.473476,16.9963,5.0
-0.353821,51.471465,24.4652,6.0
-0.347711,51.472715,13.6855,4.0
-0.357624,51.466898,20.9752,6.0
-0.374609,51.464659,8.55547,3.0
-0.379543,51.461998,4.69305,2.0
-0.369147,51.464848,19.5482,5.0
-0.365379,51.462424,14.211,4.0
-0.382639,51.460989,3.19921,2.0
-0.371936,51.461326,6.92496,3.0
-0.372892,51.459291,5.27002,3.0
-0.350949,51.464832,4.28389,2.0
-0.350282,51.461667,3.47062,2.0
-0.357127,51.461947,6.81442,3.0
-0.348538,51.458203,3.7789,2.0
-0.362221,51.459413,7.53381,3.0
-0.341204,51.470824,6.80644,3.0
-0.345641,51.467572,4.39364,2.0
-0.384405,51.469747,14.0214,4.0
-0.391359,51.471923,9.89294,3.0
-0.372622,51.470527,17.8295,5.0
-0.380098,51.468614,14.1467,4.0
-0.376584,51.467257,17.8426,5.0
-0.385813,51.464821,9.00587,3.0
-0.390216,51.46573,6.78031,3.0
-0.324307,51.468832,4.94785,2.0
-0.331217,51.469808,7.36451,3.0
-0.337619,51.468692,3.80483,2.0
-0.331959,51.462891,3.99529,2.0
-0.327991,51.462624,5.11347,3.0
-0.332998,51.458077,4.1069,2.0
-0.334824,51.458567,4.52993,2.0
-0.348153,51.478459,7.71495,3.0
-0.336608,51.479834,9.62308,3.0
-0.354559,51.481709,4.92767,2.0
-0.343378,51.475122,13.1545,4.0
-0.335264,51.484682,1.33325,1.0
-0.330475,51.481594,7.31699,3.0
-0.342983,51.479118,10.0805,4.0
-0.328008,51.474189,11.2596,4.0
-0.324645,51.477692,12.1893,4.0
-0.334056,51.473939,13.4885,4.0
-0.31032,51.48479,11.9725,4.0
-0.318215,51.482393,4.15421,2.0
-0.27148,51.489962,14.97,4.0
-0.256508,51.489534,10.8961,4.0
-0.262509,51.489206,10.7179,4.0
-0.281522,51.499393,11.4588,4.0
-0.276726,51.491794,15.9822,5.0
-0.259177,51.492531,20.2768,6.0
-0.113115,51.535936,15.4164,5.0
-0.112718,51.533913,31.1858,7.0
-0.108612,51.53603,27.4997,7.0
-0.115913,51.532683,49.2683,8.0
-0.109885,51.543742,24.714,6.0
-0.108037,51.541079,13.5919,4.0
-0.111517,51.539411,8.66543,3.0
-0.090801,51.526536,38.1114,7.0
-0.095077,51.527633,27.4555,7.0
-0.100919,51.525934,26.6831,7.0
-0.090703,51.52321,69.0566,8.0
-0.093529,51.524244,33.36,7.0
-0.10105,51.529719,28.0624,7.0
-0.120779,51.542087,13.2189,4.0
-0.119864,51.537818,19.705,5.0
-0.1187,51.536416,33.1128,7.0
-0.119918,51.532829,74.133,8.0
-0.116603,51.544049,21.5014,6.0
-0.115717,51.546244,24.9225,6.0
-0.115342,51.540674,13.6964,4.0
-0.11857,51.540277,14.1028,4.0
-0.087046,51.545401,30.694,7.0
-0.093133,51.546039,31.0247,7.0
-0.086864,51.543036,26.2902,7.0
-0.096702,51.543295,34.3107,7.0
-0.092208,51.543742,28.1167,7.0
-0.087721,51.540702,21.1955,6.0
-0.091047,51.540458,22.1086,6.0
-0.102667,51.527457,27.6439,7.0
-0.104831,51.522481,45.4733,8.0
-0.105842,51.526504,27.2715,7.0
-0.110716,51.527034,35.6992,7.0
-0.107257,51.529506,28.1132,7.0
-0.114585,51.530673,62.2681,8.0
-0.112216,51.528917,33.8392,7.0
-0.114595,51.558969,40.1437,8.0
-0.1181,51.560218,31.7312,7.0
-0.109956,51.560843,40.3834,8.0
-0.120258,51.561546,19.5539,5.0
-0.109646,51.563696,55.4333,8.0
-0.110787,51.566458,49.092,8.0
-0.113357,51.563816,32.6329,7.0
-0.116252,51.563175,16.8177,5.0
-0.096678,51.551695,21.782,6.0
-0.105738,51.551063,27.0659,7.0
-0.101526,51.548429,37.8588,7.0
-0.093325,51.558593,11.4166,4.0
-0.096822,51.559263,23.8055,6.0
-0.092745,51.556266,11.0826,4.0
-0.095577,51.554665,15.1962,5.0
-0.102031,51.553961,20.0709,6.0
-0.101359,51.561341,39.4803,7.0
-0.10515,51.561706,41.1852,8.0
-0.100405,51.558915,26.9795,7.0
-0.111411,51.556931,32.7617,7.0
-0.100561,51.555818,22.9514,6.0
-0.127647,51.567022,16.315,5.0
-0.13502,51.569464,24.4142,6.0
-0.124393,51.572771,10.6574,4.0
-0.120889,51.572935,14.3042,4.0
-0.130907,51.572407,9.18447,3.0
-0.127736,51.571734,12.3875,4.0
-0.13198,51.569511,19.867,5.0
-0.126917,51.568878,14.0107,4.0
-0.119952,51.55168,25.727,7.0
-0.120199,51.555557,30.5787,7.0
-0.124859,51.550687,20.9027,6.0
-0.117929,51.548466,22.0541,6.0
-0.124376,51.54772,16.8217,5.0
-0.116456,51.553784,25.1063,7.0
-0.137305,51.558635,18.2919,5.0
-0.133891,51.559436,13.79,4.0
-0.137726,51.567672,32.9969,7.0
-0.138058,51.56175,21.7377,6.0
-0.131105,51.565866,32.0962,7.0
-0.138444,51.5646,28.8444,7.0
-0.131796,51.563126,26.3706,7.0
-0.094098,51.548186,29.9869,7.0
-0.0861,51.54786,27.8195,7.0
-0.081903,51.549305,29.3468,7.0
-0.078823,51.547562,27.281,7.0
-0.0885,51.552144,18.1941,5.0
-0.088645,51.550104,23.9395,6.0
-0.092705,51.550594,19.3649,5.0
-0.081658,51.55118,21.4284,6.0
-0.128579,51.551289,15.8261,5.0
-0.131847,51.55353,12.7554,4.0
-0.126141,51.559732,15.3192,5.0
-0.123496,51.557472,20.9567,6.0
-0.124887,51.554592,17.1599,5.0
-0.128898,51.556905,12.1118,4.0
-0.1341,51.555868,14.6783,4.0
-0.10517,51.543136,30.8121,7.0
-0.100817,51.54319,38.1591,7.0
-0.104487,51.540428,26.0625,7.0
-0.099574,51.539994,31.008,7.0
-0.104367,51.537207,30.8784,7.0
-0.107015,51.547091,36.0788,7.0
-0.110374,51.546194,30.6772,7.0
-0.09448,51.539518,22.2697,6.0
-0.091671,51.536632,16.1488,5.0
-0.096674,51.537926,22.7646,6.0
-0.095682,51.534323,13.452,4.0
-0.101074,51.535262,30.5765,7.0
-0.098612,51.533927,17.2543,5.0
-0.100464,51.531602,25.1791,7.0
-0.120085,51.56903,11.407,4.0
-0.113444,51.568897,29.2731,7.0
-0.117289,51.568183,18.9807,5.0
-0.122651,51.565677,11.8171,4.0
-0.118597,51.564892,13.2818,4.0
-0.126152,51.56439,17.7167,5.0
-0.123224,51.562606,14.0945,4.0
-0.118556,51.572095,14.1516,4.0
-0.191339,51.496115,23.5375,6.0
-0.195032,51.496771,29.7005,7.0
-0.201796,51.494169,31.2039,7.0
-0.196811,51.49496,29.5387,7.0
-0.193601,51.499232,24.2709,6.0
-0.198972,51.497274,29.0841,7.0
-0.160705,51.49858,31.5435,7.0
-0.167211,51.497401,28.3974,7.0
-0.177529,51.493105,34.4006,7.0
-0.170814,51.494782,37.4767,7.0
-0.175228,51.491744,38.5273,7.0
-0.170037,51.491905,37.2848,7.0
-0.194279,51.504656,27.065,7.0
-0.197292,51.504157,22.672,6.0
-0.192607,51.50349,26.3509,7.0
-0.194912,51.507502,32.8848,7.0
-0.199416,51.507436,32.3139,7.0
-0.201678,51.517299,18.0796,5.0
-0.204575,51.518179,16.9603,5.0
-0.207722,51.51635,19.2919,5.0
-0.202107,51.515149,25.2258,7.0
-0.205494,51.514442,21.903,6.0
-0.189422,51.491974,34.3659,7.0
-0.181073,51.49344,35.604,7.0
-0.184045,51.49176,31.391,7.0
-0.180699,51.490177,29.7584,7.0
-0.179641,51.488551,32.8573,7.0
-0.188644,51.493863,31.5742,7.0
-0.177114,51.482026,17.2419,5.0
-0.181525,51.479469,15.3275,5.0
-0.179305,51.480878,14.217,4.0
-0.181859,51.480948,19.3673,5.0
-0.170042,51.484592,15.7065,5.0
-0.173979,51.483504,17.6744,5.0
-0.194827,51.488935,42.1646,8.0
-0.196261,51.491177,41.2676,8.0
-0.198952,51.49167,33.9916,7.0
-0.192137,51.48997,39.811,7.0
-0.192431,51.49364,36.9043,7.0
-0.195733,51.493196,35.14,7.0
-0.212348,51.52518,13.4376,4.0
-0.211643,51.522943,15.8165,5.0
-0.20544,51.523663,17.4662,5.0
-0.207458,51.520902,14.5085,4.0
-0.210397,51.519888,19.8893,5.0
-0.207405,51.524668,13.6267,4.0
-0.164639,51.492466,29.0481,7.0
-0.159921,51.493165,29.8852,7.0
-0.164619,51.494543,26.7535,7.0
-0.163531,51.491225,29.4804,7.0
-0.167812,51.491587,31.2463,7.0
-0.159165,51.495889,31.2776,7.0
-0.205569,51.499645,16.6478,5.0
-0.197138,51.500589,20.4897,6.0
-0.212476,51.501344,26.9904,7.0
-0.208243,51.49812,22.8196,6.0
-0.207423,51.504941,23.003,6.0
-0.213751,51.504072,43.0197,8.0
-0.215636,51.510667,11.7032,4.0
-0.208809,51.50783,26.9302,7.0
-0.212085,51.509545,15.3402,5.0
-0.214401,51.50665,36.1283,7.0
-0.209571,51.51433,21.2895,6.0
-0.207765,51.511028,22.6472,6.0
-0.222283,51.51863,9.38816,3.0
-0.219293,51.51487,12.1583,4.0
-0.214107,51.517164,19.8205,5.0
-0.212273,51.51487,14.7894,4.0
-0.216567,51.513914,12.1957,4.0
-0.213823,51.512573,8.05731,3.0
-0.203386,51.512251,28.0933,7.0
-0.200412,51.509929,33.9217,7.0
-0.19692,51.510589,36.2463,7.0
-0.193829,51.510613,34.894,7.0
-0.197991,51.513488,31.4419,7.0
-0.183756,51.496406,28.8027,7.0
-0.187089,51.496,22.3701,6.0
-0.188761,51.500853,24.3973,6.0
-0.187356,51.498831,21.0747,6.0
-0.182628,51.5002,26.3964,7.0
-0.181339,51.497712,29.5309,7.0
-0.188926,51.48629,27.9939,7.0
-0.190373,51.488469,36.7694,7.0
-0.182224,51.486913,16.7174,5.0
-0.186065,51.486579,28.2103,7.0
-0.186894,51.483917,18.5748,5.0
-0.187898,51.490053,31.0002,7.0
-0.166931,51.486382,16.5782,5.0
-0.164057,51.484746,8.05119,3.0
-0.160713,51.486587,16.9927,5.0
-0.15712,51.490736,30.7221,7.0
-0.16354,51.487963,19.7045,5.0
-0.223386,51.524002,3.24476,2.0
-0.214549,51.522224,16.0745,5.0
-0.219968,51.522441,11.1901,4.0
-0.2257,51.523297,4.55538,2.0
-0.225314,51.520863,8.22836,3.0
-0.214549,51.519153,18.9976,5.0
-0.175781,51.487549,26.3773,7.0
-0.177494,51.485506,21.7758,6.0
-0.180801,51.484437,17.612,5.0
-0.183659,51.482172,19.0996,5.0
-0.168476,51.489373,32.079,7.0
-0.272991,51.384981,3.3283,2.0
-0.281924,51.385853,6.31406,3.0
-0.27731,51.387574,2.49089,1.0
-0.272425,51.381396,3.45427,2.0
-0.278143,51.379929,5.29739,3.0
-0.277233,51.392224,2.91745,2.0
-0.296628,51.393711,14.6424,4.0
-0.290653,51.393801,4.113,2.0
-0.295447,51.390946,9.89354,3.0
-0.285927,51.390827,2.6092,2.0
-0.2932,51.38847,7.2534,3.0
-0.281596,51.396777,5.24483,3.0
-0.26961,51.399355,3.25582,2.0
-0.264101,51.399624,6.95776,3.0
-0.253755,51.40563,7.38855,3.0
-0.25879,51.40147,13.7679,4.0
-0.250264,51.401427,9.02801,3.0
-0.274345,51.40166,4.00611,2.0
-0.294138,51.416536,11.0644,4.0
-0.296993,51.419668,3.95381,2.0
-0.286632,51.415118,16.1998,5.0
-0.292501,51.414735,16.9282,5.0
-0.290609,51.41927,5.36098,3.0
-0.298712,51.367594,6.24298,3.0
-0.306349,51.364727,8.02876,3.0
-0.309887,51.368739,3.10789,2.0
-0.302255,51.367287,7.82065,3.0
-0.313318,51.365696,2.07403,1.0
-0.289112,51.366003,3.17134,2.0
-0.29307,51.3626,4.9156,2.0
-0.290222,51.360087,2.88285,2.0
-0.299196,51.361877,5.81889,3.0
-0.313933,51.357405,1.23936,1.0
-0.31021,51.361427,5.12719,3.0
-0.303324,51.357368,2.73316,2.0
-0.28227,51.418814,7.41738,3.0
-0.269596,51.418173,2.54747,2.0
-0.254684,51.41587,2.55336,2.0
-0.281239,51.41436,14.9587,4.0
-0.258132,51.433269,4.07878,2.0
-0.26293,51.42903,3.67723,2.0
-0.278512,51.421306,4.3066,2.0
-0.265742,51.404379,5.58528,3.0
-0.267714,51.412458,3.30159,2.0
-0.276763,51.41058,7.77885,3.0
-0.263872,51.409058,5.42023,3.0
-0.271058,51.407626,2.68542,2.0
-0.260137,51.405134,9.69181,3.0
-0.297737,51.405844,17.4131,5.0
-0.305254,51.402544,11.902,4.0
-0.296278,51.402572,4.66422,2.0
-0.307459,51.39789,14.8438,4.0
-0.302497,51.408589,28.9117,7.0
-0.28758,51.408201,4.31628,2.0
-0.281585,51.407823,5.52709,3.0
-0.291617,51.40737,9.16555,3.0
-0.291413,51.410913,21.9308,6.0
-0.277264,51.40598,4.76649,2.0
-0.286222,51.410534,16.3499,5.0
-0.264081,51.38805,5.53548,3.0
-0.242659,51.386019,2.87663,2.0
-0.258528,51.385245,6.61485,3.0
-0.24971,51.382524,10.2614,4.0
-0.257449,51.38136,5.71697,3.0
-0.257307,51.388939,6.15185,3.0
-0.260657,51.392423,4.84664,2.0
-0.253067,51.392257,6.77607,3.0
-0.247253,51.389836,5.64901,3.0
-0.258603,51.397052,9.82914,3.0
-0.250756,51.397492,9.48606,3.0
-0.267511,51.395661,1.74032,1.0
-0.304205,51.394224,20.759,6.0
-0.313641,51.392571,10.5,4.0
-0.309539,51.393944,15.2118,5.0
-0.30199,51.397292,18.9405,5.0
-0.296991,51.399192,8.06871,3.0
-0.2931,51.397221,3.25729,2.0
-0.308907,51.388844,13.2017,4.0
-0.303127,51.381171,4.76875,2.0
-0.303306,51.38683,7.28883,3.0
-0.293137,51.382929,7.88066,3.0
-0.297715,51.383149,8.2064,3.0
-0.292956,51.380001,5.37745,3.0
-0.300746,51.390106,16.8724,5.0
-0.291953,51.37651,2.54443,2.0
-0.286007,51.377152,5.9546,3.0
-0.301884,51.377166,5.10982,3.0
-0.287052,51.380599,8.52682,3.0
-0.299042,51.374284,3.17455,2.0
-0.29777,51.371354,3.58681,2.0
-0.308931,51.429195,4.90209,2.0
-0.301016,51.428857,4.3341,2.0
-0.298878,51.425331,4.30716,2.0
-0.291237,51.424985,3.55607,2.0
-0.300961,51.422062,4.37413,2.0
-0.30221,51.418864,5.11657,3.0
-0.116883,51.500992,76.1444,8.0
-0.112778,51.497043,63.6987,8.0
-0.112933,51.494628,18.3133,5.0
-0.111696,51.505642,106.841,8.0
-0.108597,51.505015,107.861,8.0
-0.121764,51.456052,20.885,6.0
-0.126362,51.457382,13.2646,4.0
-0.120695,51.458528,34.9462,7.0
-0.124971,51.454338,14.6321,4.0
-0.128439,51.451983,11.2244,4.0
-0.125823,51.448465,22.0629,6.0
-0.122589,51.449244,18.3711,5.0
-0.120974,51.446167,14.2117,4.0
-0.141984,51.455295,17.087,5.0
-0.134439,51.456495,10.4829,4.0
-0.137505,51.452994,7.07734,3.0
-0.131262,51.457436,16.1552,5.0
-0.144552,51.453198,18.5586,5.0
-0.14026,51.451583,11.591,4.0
-0.138374,51.459633,26.4755,7.0
-0.138128,51.456235,10.8363,4.0
-0.1401,51.469402,10.543,4.0
-0.134302,51.464842,26.5789,7.0
-0.137891,51.46681,15.0854,5.0
-0.147281,51.467866,13.9905,4.0
-0.144549,51.466591,20.8984,6.0
-0.140167,51.464118,27.0005,7.0
-0.14724,51.464536,20.5203,6.0
-0.134422,51.461506,31.3175,7.0
-0.149128,51.463222,19.7273,5.0
-0.110773,51.458178,30.5943,7.0
-0.105512,51.458867,13.5642,4.0
-0.110171,51.469082,19.1527,5.0
-0.105553,51.469209,11.945,4.0
-0.111529,51.464366,45.9036,8.0
-0.104843,51.466681,18.2033,5.0
-0.108218,51.465953,29.2748,7.0
-0.113275,51.459957,39.9008,7.0
-0.104382,51.463191,22.2659,6.0
-0.108758,51.460994,24.6214,6.0
-0.119317,51.46518,30.8491,7.0
-0.131319,51.462767,28.8988,7.0
-0.118533,51.461815,37.587,7.0
-0.125176,51.462478,22.9267,6.0
-0.129905,51.460946,24.6367,6.0
-0.124538,51.46077,21.9789,6.0
-0.11487,51.469354,23.0769,6.0
-0.116317,51.468095,35.4203,7.0
-0.116132,51.465733,38.1137,7.0
-0.081902,51.421242,21.5518,6.0
-0.087456,51.421145,11.8555,4.0
-0.092801,51.433804,5.58747,3.0
-0.092967,51.430016,6.48521,3.0
-0.098577,51.430171,14.9435,4.0
-0.088868,51.429051,9.70269,3.0
-0.09336,51.427621,8.45872,3.0
-0.090897,51.423752,8.782,3.0
-0.086528,51.424377,9.30892,3.0
-0.106224,51.456724,19.4128,5.0
-0.098277,51.458258,16.3781,5.0
-0.100162,51.46177,12.0144,4.0
-0.10677,51.454772,16.4748,5.0
-0.099427,51.470274,15.815,5.0
-0.097353,51.468363,16.784,5.0
-0.100355,51.467032,13.715,4.0
-0.09586,51.462394,14.7264,4.0
-0.110181,51.435307,14.5822,4.0
-0.111611,51.433612,13.5065,4.0
-0.106864,51.431493,18.5632,5.0
-0.103234,51.426369,15.713,5.0
-0.112012,51.430989,9.22927,3.0
-0.107888,51.429539,18.3197,5.0
-0.110053,51.426567,9.49352,3.0
-0.100225,51.424417,9.36021,3.0
-0.108317,51.423944,8.64523,3.0
-0.1264,51.464752,22.2813,6.0
-0.134159,51.472839,12.0319,4.0
-0.127859,51.467066,27.2919,7.0
-0.135947,51.470055,11.2054,4.0
-0.131672,51.471046,14.3351,4.0
-0.121936,51.469779,29.4133,7.0
-0.124338,51.468447,25.5264,7.0
-0.132122,51.467856,20.3382,6.0
-0.121972,51.466705,23.9323,6.0
-0.126323,51.479573,19.1563,5.0
-0.117826,51.479835,20.3637,6.0
-0.112255,51.482939,36.3335,7.0
-0.113354,51.479379,29.4847,7.0
-0.11283,51.484728,43.76,8.0
-0.120308,51.484231,48.9786,8.0
-0.121952,51.480447,33.1821,7.0
-0.114768,51.489716,34.266,7.0
-0.108802,51.489515,24.5518,6.0
-0.111957,51.48769,40.2344,8.0
-0.106383,51.490446,34.503,7.0
-0.118668,51.488576,40.5233,8.0
-0.107956,51.492985,35.8431,7.0
-0.113064,51.491012,10.7118,4.0
-0.117493,51.492345,19.2349,5.0
-0.134944,51.425827,23.4474,6.0
-0.134213,51.422847,23.2293,6.0
-0.132661,51.420798,23.8308,6.0
-0.134179,51.436482,10.7579,4.0
-0.130351,51.436201,25.3702,7.0
-0.132175,51.432437,24.2963,6.0
-0.13498,51.42853,25.192,7.0
-0.129171,51.428481,32.4049,7.0
-0.128741,51.476654,15.0396,5.0
-0.131276,51.477335,11.1862,4.0
-0.127142,51.47529,20.2283,6.0
-0.123445,51.475849,25.4205,7.0
-0.119715,51.476257,22.0857,6.0
-0.124361,51.473271,31.3618,7.0
-0.119819,51.471346,29.9984,7.0
-0.125631,51.471461,25.1733,7.0
-0.121443,51.47851,22.0109,6.0
-0.123147,51.440717,28.5139,7.0
-0.129364,51.440644,26.0568,7.0
-0.116896,51.441562,7.06321,3.0
-0.110142,51.439316,22.9089,6.0
-0.117547,51.438685,11.9002,4.0
-0.121821,51.437815,23.9584,6.0
-0.128108,51.44447,18.4794,5.0
-0.124135,51.443275,27.1266,7.0
-0.133554,51.441301,14.1278,4.0
-0.136895,51.415737,11.4202,4.0
-0.13196,51.413426,10.1648,4.0
-0.125517,51.414884,15.497,5.0
-0.138149,51.413313,9.78606,3.0
-0.142826,51.415326,8.71718,3.0
-0.122673,51.419126,10.203,4.0
-0.131418,51.418567,19.2197,5.0
-0.138761,51.418337,11.387,4.0
-0.128033,51.41673,16.2004,5.0
-0.123464,51.427588,11.4274,4.0
-0.117846,51.425463,5.06236,3.0
-0.126939,51.424897,20.8747,6.0
-0.123215,51.435602,21.2,6.0
-0.11853,51.434816,9.85664,3.0
-0.127189,51.434899,30.5073,7.0
-0.117017,51.430437,3.8886,2.0
-0.125029,51.430741,21.3928,6.0
-0.138517,51.445729,6.41393,3.0
-0.142351,51.44419,12.3109,4.0
-0.138744,51.442982,5.545,3.0
-0.1317,51.450955,8.65718,3.0
-0.135208,51.449543,10.5807,4.0
-0.141649,51.449018,12.1883,4.0
-0.130084,51.447504,16.3414,5.0
-0.134186,51.44619,10.7231,4.0
-0.104494,51.441096,25.453,7.0
-0.093657,51.437741,11.2646,4.0
-0.10475,51.437514,28.0271,7.0
-0.098814,51.436478,19.8273,5.0
-0.10164,51.445851,11.984,4.0
-0.10653,51.444781,20.2196,6.0
-0.097275,51.445048,14.5917,4.0
-0.118038,51.450613,15.1857,5.0
-0.11272,51.448448,9.28574,3.0
-0.117691,51.448282,11.1269,4.0
-0.111727,51.442799,18.4958,5.0
-0.115477,51.445391,5.59811,3.0
-0.116231,51.456473,35.6581,7.0
-0.113559,51.453933,21.6908,6.0
-0.117558,51.452982,18.2823,5.0
-0.113959,51.451428,8.65668,3.0
-0.103239,51.476307,8.44229,3.0
-0.112706,51.477891,23.1787,6.0
-0.103444,51.471884,6.63217,3.0
-0.107434,51.478229,22.3691,6.0
-0.111001,51.476209,15.43,5.0
-0.114492,51.47589,20.292,6.0
-0.115338,51.473911,20.7004,6.0
-0.108005,51.474895,8.36782,3.0
-0.109193,51.471517,12.2311,4.0
-0.021921,51.428285,6.55551,3.0
-0.036196,51.426741,9.6281,3.0
-0.02754,51.426547,6.17321,3.0
-0.020638,51.425081,3.95064,2.0
-0.038102,51.43159,7.18445,3.0
-0.028398,51.438889,11.355,4.0
-0.032485,51.435302,4.84938,2.0
-0.022607,51.433835,8.83732,3.0
-0.026906,51.431162,5.55736,3.0
0.004027,51.463743,16.2482,5.0
-0.002562,51.463931,17.7425,5.0
0.009048,51.467341,15.4334,5.0
-0.008748,51.465324,43.6123,8.0
0.008182,51.46077,17.5475,5.0
0.001841,51.459672,11.7271,4.0
-0.009423,51.471344,12.553,4.0
-0.012682,51.47044,19.8528,5.0
-0.005938,51.466881,21.4174,6.0
-0.026956,51.473592,31.5761,7.0
-0.033879,51.471781,27.8807,7.0
-0.030059,51.469961,25.7272,7.0
-0.026448,51.466836,19.7389,5.0
-0.034999,51.468238,17.5802,5.0
-0.030277,51.464562,15.4353,5.0
-0.03483,51.462636,18.1305,5.0
-0.033385,51.474693,39.7127,7.0
-0.012838,51.440841,14.1614,4.0
-0.007033,51.441132,7.84483,3.0
-0.002058,51.438686,5.89341,3.0
-0.006557,51.437222,3.79319,2.0
0.001448,51.443545,8.7527,3.0
-0.017945,51.438818,15.5751,5.0
0.002203,51.439464,6.46738,3.0
-0.013168,51.435338,12.3205,4.0
-0.00493,51.443489,8.66499,3.0
-0.031298,51.450272,7.02174,3.0
-0.042208,51.449673,19.141,5.0
-0.037926,51.448084,15.2386,5.0
-0.044888,51.446783,15.068,5.0
-0.044921,51.443817,9.09471,3.0
-0.037062,51.443942,8.57196,3.0
-0.036855,51.457106,12.7198,4.0
-0.039567,51.452851,15.2676,5.0
-0.033869,51.453047,11.1733,4.0
-0.001412,51.41994,4.16014,2.0
0.018462,51.429934,17.1828,5.0
0.014312,51.427608,10.6293,4.0
0.010578,51.428995,9.70003,3.0
0.003545,51.428154,5.44186,3.0
0.000336,51.425072,7.72376,3.0
-0.012168,51.425292,10.5184,4.0
-0.005505,51.423952,7.80167,3.0
-0.03444,51.489349,4.91866,2.0
-0.048247,51.489311,13.3131,4.0
-0.035471,51.483124,6.99427,3.0
-0.042549,51.487819,10.2319,4.0
-0.034084,51.486049,6.35092,3.0
-0.032143,51.490538,2.83914,2.0
-0.038697,51.489816,8.58491,3.0
-0.029031,51.482834,9.42057,3.0
-0.032776,51.482747,11.4155,4.0
-0.027007,51.480781,18.2678,5.0
-0.058251,51.443649,11.1167,4.0
-0.056049,51.440097,18.9721,5.0
-0.055907,51.43522,15.4436,5.0
-0.060705,51.437852,12.2975,4.0
-0.066698,51.432232,6.07771,3.0
-0.06201,51.432856,9.01367,3.0
-0.058117,51.447637,8.00508,3.0
-0.049997,51.448092,13.531,4.0
-0.052459,51.444362,11.5878,4.0
0.021442,51.434809,13.9215,4.0
0.027197,51.433621,14.2413,4.0
0.025236,51.430086,13.9017,4.0
0.035193,51.430214,7.1715,3.0
0.034282,51.427185,5.4314,3.0
0.01321,51.444002,6.94463,3.0
0.019046,51.444164,6.04856,3.0
0.016536,51.440535,4.45343,2.0
0.023947,51.439612,4.37984,2.0
-0.03451,51.460056,15.8681,5.0
-0.02069,51.461968,17.8771,5.0
-0.022967,51.456371,13.7806,4.0
-0.025312,51.453112,7.1541,3.0
-0.028627,51.455567,10.4773,4.0
-0.024692,51.46363,16.5674,5.0
-0.020116,51.46555,30.0924,7.0
-0.019014,51.459582,18.5539,5.0
0.013592,51.447501,9.66852,3.0
0.00766,51.447767,9.32453,3.0
-0.00347,51.457198,13.6584,4.0
0.005328,51.456272,9.86484,3.0
5.1e-05,51.45525,9.34675,3.0
0.013386,51.451935,11.4204,4.0
0.013622,51.454635,11.6937,4.0
0.005161,51.452135,11.4132,4.0
-0.004219,51.460659,34.2066,7.0
-0.007374,51.454482,15.0935,5.0
-0.013662,51.453864,17.8838,5.0
-0.00611,51.451146,12.2233,4.0
-0.01142,51.451195,14.3757,4.0
0.001162,51.447596,11.515,4.0
-0.014962,51.467224,43.3484,8.0
-0.048141,51.482567,1.97711,1.0
-0.040191,51.481078,4.20951,2.0
-0.04494,51.476255,32.8935,7.0
-0.037592,51.47946,18.7993,5.0
-0.043736,51.479097,17.1061,5.0
-0.051483,51.480898,8.76019,3.0
-0.033183,51.477078,35.4971,7.0
-0.028419,51.4776,30.0178,7.0
-0.048192,51.478987,9.80878,3.0
-0.043968,51.437362,5.48879,3.0
-0.036014,51.440374,11.0308,4.0
-0.049203,51.434679,12.3692,4.0
-0.050654,51.437904,16.3686,5.0
-0.037957,51.435689,5.75959,3.0
-0.043058,51.432268,5.94647,3.0
-0.049565,51.431828,7.63834,3.0
-0.038954,51.43898,7.41916,3.0
-0.048796,51.440649,15.8232,5.0
-0.043821,51.440526,8.61095,3.0
-0.028543,51.445799,16.2203,5.0
-0.021628,51.443168,26.3736,7.0
-0.015575,51.444221,21.3732,6.0
-0.010493,51.44429,6.65121,3.0
-0.031121,51.441893,19.4035,5.0
-0.019841,51.450167,13.4777,4.0
-0.012311,51.449304,11.9713,4.0
-0.021069,51.447557,24.554,6.0
-0.01476,51.447191,19.5259,5.0
-0.044091,51.424954,11.3001,4.0
-0.050138,51.424987,18.9543,5.0
-0.05649,51.424915,19.7274,5.0
-0.056004,51.430637,13.481,4.0
-0.071948,51.428142,6.51841,3.0
-0.062334,51.429023,13.6935,4.0
-0.065995,51.426976,5.94925,3.0
-0.041835,51.427819,7.60953,3.0
-0.054713,51.427619,20.7348,6.0
-0.046557,51.42757,12.9888,4.0
-0.042973,51.460317,14.8687,4.0
-0.043129,51.457567,13.0547,4.0
-0.050267,51.475488,29.6602,7.0
-0.048915,51.472586,24.2591,6.0
-0.042285,51.47246,33.1725,7.0
-0.046373,51.469742,18.1692,5.0
-0.044195,51.464083,16.5893,5.0
-0.049611,51.468026,15.792,5.0
-0.040408,51.467807,17.3481,5.0
-0.040414,51.463912,17.3822,5.0
0.006019,51.433598,3.97314,2.0
0.002937,51.434489,4.4402,2.0
-0.010903,51.430711,7.65764,3.0
0.015182,51.432771,12.3981,4.0
-0.002069,51.433844,3.14528,2.0
0.009409,51.431826,5.52452,3.0
-0.016147,51.431051,13.3553,4.0
-0.005155,51.427996,7.83899,3.0
0.006919,51.441296,3.63078,2.0
-0.194578,51.416047,25.4402,7.0
-0.197625,51.413631,13.1063,4.0
-0.189455,51.414563,15.4816,5.0
-0.197671,51.417787,36.2575,7.0
-0.184673,51.417002,14.7625,4.0
-0.189659,51.41727,18.9816,5.0
-0.209833,51.404095,7.45239,3.0
-0.214137,51.401275,3.71779,2.0
-0.21343,51.398025,5.49373,3.0
-0.218004,51.395936,4.02379,2.0
-0.206558,51.400165,12.2574,4.0
-0.216749,51.406344,8.68426,3.0
-0.176119,51.416656,15.0427,5.0
-0.166757,51.416736,9.05606,3.0
-0.177373,51.42202,19.9008,5.0
-0.174442,51.421103,19.7909,5.0
-0.171556,51.419768,14.6225,4.0
-0.165813,51.418949,11.3062,4.0
-0.177929,51.403387,7.48357,3.0
-0.170188,51.399743,11.8388,4.0
-0.16333,51.396258,7.83687,3.0
-0.181026,51.407649,5.64445,3.0
-0.181555,51.405275,7.18775,3.0
-0.172879,51.404612,8.626,3.0
-0.167726,51.404653,14.4397,4.0
-0.216382,51.410779,8.28846,3.0
-0.226082,51.40851,19.927,5.0
-0.220434,51.409622,13.7653,4.0
-0.205974,51.418033,37.3532,7.0
-0.202806,51.415936,35.7011,7.0
-0.210998,51.414774,16.9143,5.0
-0.155923,51.410023,12.8065,4.0
-0.155141,51.405698,9.23468,3.0
-0.160242,51.407537,16.9948,5.0
-0.161738,51.403949,13.6858,4.0
-0.164745,51.407456,17.7537,5.0
-0.149719,51.406806,7.98264,3.0
-0.156872,51.413066,13.2469,4.0
-0.159826,51.418523,14.7846,4.0
-0.156353,51.416365,8.76462,3.0
-0.15067,51.41425,5.47662,3.0
-0.158144,51.420523,17.2958,5.0
-0.153756,51.419248,11.2521,4.0
-0.14905,51.417065,5.31892,3.0
-0.220615,51.41371,11.3375,4.0
-0.203392,51.42553,33.3128,7.0
-0.20741,51.424636,32.8755,7.0
-0.211559,51.421406,35.699,7.0
-0.216787,51.419608,14.6514,4.0
-0.218034,51.416904,8.77915,3.0
-0.170495,51.408541,8.7204,3.0
-0.170316,51.414164,4.99712,2.0
-0.173204,51.411987,6.25572,3.0
-0.180733,51.41112,7.14678,3.0
-0.164856,51.411817,12.88,4.0
-0.175346,51.409056,4.68962,2.0
-0.143738,51.411172,8.42354,3.0
-0.148661,51.410943,7.83577,3.0
-0.138428,51.410004,6.36644,3.0
-0.134764,51.406795,7.21815,3.0
-0.138513,51.405815,7.99296,3.0
-0.143808,51.402413,4.25006,2.0
-0.213779,51.386662,5.57126,3.0
-0.220263,51.38589,3.34478,2.0
-0.224509,51.387827,2.1267,1.0
-0.220327,51.382496,4.12135,2.0
-0.222852,51.393812,4.1522,2.0
-0.21879,51.390099,4.62291,2.0
-0.212052,51.410302,9.53741,3.0
-0.199073,51.4088,6.45468,3.0
-0.204412,51.405663,9.45613,3.0
-0.195458,51.40486,19.607,5.0
-0.199047,51.399773,21.2806,6.0
-0.206076,51.411914,10.2727,4.0
-0.136081,51.39782,3.24513,2.0
-0.128267,51.400328,5.6941,3.0
-0.128014,51.396945,6.36314,3.0
-0.131348,51.395998,3.28533,2.0
-0.134847,51.401068,7.02112,3.0
-0.140029,51.40017,5.49733,3.0
-0.148674,51.401256,5.77996,3.0
-0.185303,51.392187,6.70493,3.0
-0.179777,51.394104,5.86911,3.0
-0.186109,51.388399,8.94532,3.0
-0.190592,51.400284,18.5506,5.0
-0.181156,51.39914,8.36575,3.0
-0.172655,51.396456,8.32926,3.0
-0.225779,51.416577,8.01111,3.0
-0.229777,51.412347,17.4482,5.0
-0.235303,51.41283,13.2741,4.0
-0.240873,51.411913,6.61758,3.0
-0.228997,51.410206,21.2699,6.0
-0.238723,51.406649,6.35632,3.0
-0.189089,51.393897,7.52996,3.0
-0.195245,51.394627,6.85918,3.0
-0.192305,51.3889,9.92658,3.0
-0.203776,51.388573,6.56381,3.0
-0.198372,51.389287,8.20617,3.0
-0.192946,51.398282,13.9437,4.0
-0.196125,51.424305,18.8445,5.0
-0.182422,51.423126,2.81533,2.0
-0.199811,51.420615,37.5846,7.0
-0.19391,51.422404,9.78008,3.0
-0.190136,51.421951,9.69461,3.0
-0.185469,51.420393,12.2569,4.0
-0.22275,51.422843,1.15624,1.0
-0.215878,51.424615,15.0446,5.0
-0.232441,51.41902,2.39774,1.0
-0.245293,51.416312,3.03817,2.0
-0.220078,51.435777,3.22688,2.0
-0.216202,51.429391,4.60562,2.0
-0.232445,51.399531,6.31772,3.0
-0.227064,51.399476,4.29369,2.0
-0.236251,51.396427,5.13388,3.0
-0.243926,51.397164,7.42762,3.0
-0.24044,51.397468,9.1327,3.0
-0.23237,51.403577,10.6204,4.0
-0.200996,51.438172,7.95835,3.0
-0.198953,51.435864,8.69213,3.0
-0.201721,51.431566,5.25547,3.0
-0.19037,51.428916,7.37352,3.0
-0.198681,51.428158,14.4573,4.0
-0.193223,51.426639,8.2588,3.0
-0.196217,51.439315,8.9586,3.0
0.053164,51.511886,4.70753,2.0
0.066413,51.509824,11.4285,4.0
0.059466,51.51059,8.92584,3.0
0.066352,51.515431,4.15393,2.0
0.04945,51.518426,3.34734,2.0
0.053913,51.517587,6.39175,3.0
0.049848,51.514787,4.60985,2.0
0.059376,51.515269,12.3745,4.0
0.065982,51.513566,9.19224,3.0
0.041522,51.533078,13.0299,4.0
0.037933,51.534499,19.6277,5.0
0.044368,51.534691,13.6029,4.0
0.035361,51.532675,20.1882,6.0
0.041153,51.529141,15.4253,5.0
0.044659,51.530168,13.9254,4.0
0.040849,51.526682,9.82311,3.0
0.045836,51.526868,6.40517,3.0
0.006552,51.527423,19.671,5.0
0.008477,51.52049,11.2243,4.0
0.01652,51.525154,8.73607,3.0
0.021845,51.52387,16.0956,5.0
0.008671,51.523721,12.1732,4.0
0.015876,51.521624,11.6261,4.0
0.013205,51.520033,20.8784,6.0
0.010971,51.518342,24.5424,6.0
0.02083,51.510636,9.13872,3.0
0.02423,51.520835,16.3614,5.0
0.018944,51.519114,11.0032,4.0
0.021709,51.51863,12.9488,4.0
0.01944,51.514608,5.39377,3.0
0.030513,51.51335,11.3688,4.0
0.045942,51.513349,4.65631,2.0
0.037614,51.512274,6.13672,3.0
0.028538,51.511389,10.8545,4.0
0.03553,51.516467,9.82262,3.0
0.024397,51.51358,9.32713,3.0
0.040205,51.515853,4.54481,2.0
0.034651,51.51478,8.22171,3.0
0.049361,51.53746,23.2827,6.0
0.054643,51.535062,25.6434,7.0
0.048528,51.535453,16.0592,5.0
0.057179,51.531148,17.8566,5.0
0.046446,51.533235,14.6133,4.0
0.048998,51.531927,18.3456,5.0
0.051296,51.531155,18.6487,5.0
0.051419,51.527474,8.39999,3.0
0.059851,51.544993,3.17835,2.0
0.051827,51.543651,17.9732,5.0
0.057364,51.543497,11.7425,4.0
0.048256,51.540555,19.0651,5.0
0.053468,51.54125,21.7079,6.0
0.042594,51.539455,14.754,4.0
0.051604,51.54613,12.3019,4.0
0.06579,51.526549,3.3945,2.0
0.062307,51.525295,4.90053,2.0
0.053712,51.525734,7.36675,3.0
0.057228,51.523888,6.49134,3.0
0.043231,51.523835,2.69865,2.0
0.057228,51.52186,8.25078,3.0
0.05015,51.521155,2.87957,2.0
0.060678,51.527754,8.42999,3.0
0.027119,51.552448,12.5267,4.0
0.019269,51.551111,8.799,3.0
0.015689,51.549874,6.31559,3.0
0.0222,51.55194,12.0341,4.0
0.033003,51.552592,7.69752,3.0
0.009228,51.550341,7.01348,3.0
0.010247,51.548232,10.3661,4.0
0.02249,51.554355,10.7182,4.0
0.018023,51.544256,9.06683,3.0
0.020648,51.542766,5.3028,3.0
0.012924,51.544747,10.4817,4.0
0.013853,51.542072,7.91034,3.0
0.032303,51.548968,14.649,4.0
0.026738,51.547631,17.3377,5.0
0.01776,51.546905,12.8663,4.0
0.023959,51.544665,14.4861,4.0
0.00907,51.544577,24.7553,6.0
0.039292,51.544633,8.61398,3.0
0.035743,51.544931,10.2981,4.0
0.035255,51.542418,10.1756,4.0
0.040102,51.54239,5.39495,3.0
0.036152,51.540187,14.3581,4.0
0.040514,51.537682,16.1991,5.0
0.036309,51.537678,18.7171,5.0
0.033768,51.546026,12.3867,4.0
0.029477,51.535667,14.8205,4.0
0.032448,51.537057,18.6924,5.0
0.028641,51.544881,13.3864,4.0
0.030199,51.543255,10.3242,4.0
0.025226,51.541945,8.02012,3.0
0.030571,51.540707,13.0944,4.0
0.026422,51.538436,9.48282,3.0
0.059745,51.546756,4.27964,2.0
0.060897,51.554388,12.8318,4.0
0.064395,51.553538,5.50853,3.0
0.054698,51.553614,3.56902,2.0
0.055633,51.549732,9.41612,3.0
0.064376,51.547089,1.17726,1.0
0.057689,51.552175,8.38933,3.0
0.062985,51.550996,4.41749,2.0
0.06041,51.549507,5.24861,3.0
0.040002,51.55052,7.22095,3.0
0.05255,51.549301,13.6621,4.0
0.039655,51.547402,12.6977,4.0
0.046396,51.548106,14.6578,4.0
0.044515,51.545737,10.8009,4.0
0.044503,51.543955,10.3726,4.0
0.045249,51.553013,13.1008,4.0
0.049359,51.551139,17.7402,5.0
0.02619,51.531576,13.6495,4.0
0.016429,51.529779,15.7011,5.0
0.020384,51.527751,16.5802,5.0
0.022045,51.529123,18.8175,5.0
0.021806,51.536076,12.212,4.0
0.024822,51.534844,10.9827,4.0
0.020625,51.533766,15.9015,5.0
0.031708,51.532744,13.4215,4.0
0.022107,51.531409,17.2504,5.0
0.031045,51.522437,12.1924,4.0
0.027843,51.524402,18.4545,5.0
0.037556,51.525702,8.13435,3.0
0.029214,51.518623,10.7325,4.0
0.035683,51.528694,17.2512,5.0
0.031498,51.52904,17.6529,5.0
0.027,51.528197,20.1833,6.0
0.033896,51.525841,12.9713,4.0
0.044884,51.502771,7.18759,3.0
0.063189,51.50084,9.15887,3.0
0.003373,51.550313,11.6137,4.0
0.003094,51.547642,34.6324,7.0
0.001593,51.545063,59.1653,8.0
0.007378,51.541192,25.2503,7.0
0.00269,51.538955,40.515,8.0
0.061152,51.534992,11.0746,4.0
0.063734,51.53494,9.4127,3.0
0.064627,51.532476,3.98783,2.0
0.060801,51.53117,9.70651,3.0
0.061938,51.540266,2.24658,1.0
0.059108,51.540568,10.7481,4.0
0.058721,51.538112,15.8248,5.0
0.06124,51.536965,10.1432,4.0
0.055744,51.537237,21.6487,6.0
0.013928,51.53372,20.1386,6.0
0.006771,51.531022,23.017,6.0
0.011624,51.531804,23.7054,6.0
0.007825,51.534147,22.1395,6.0
0.003938,51.536258,19.4848,5.0
0.012627,51.538344,6.72217,3.0
0.009147,51.537182,18.2501,5.0
0.014596,51.535702,17.3712,5.0
0.080064,51.58306,7.82279,3.0
0.086013,51.583334,5.35247,3.0
0.104483,51.582134,0.891551,1.0
0.097579,51.579068,6.08104,3.0
0.093317,51.579495,5.41646,3.0
0.08268,51.579688,5.96298,3.0
0.078073,51.576234,6.94914,3.0
0.084963,51.576485,11.253,4.0
0.059284,51.5784,13.3475,4.0
0.07281,51.577221,12.7746,4.0
0.073223,51.585781,5.11642,3.0
0.067613,51.584936,3.43863,2.0
0.076085,51.581658,6.182,3.0
0.062288,51.580796,10.8085,4.0
0.068876,51.581603,7.6987,3.0
0.068466,51.578798,13.6713,4.0
0.037838,51.6043,9.13834,3.0
0.039675,51.609752,11.1364,4.0
0.054932,51.608103,3.11463,2.0
0.054828,51.603983,2.73934,2.0
0.041622,51.607016,8.55628,3.0
0.046809,51.602764,2.69963,2.0
0.042791,51.614423,2.5003,2.0
0.125153,51.572206,10.5653,4.0
0.126397,51.569221,14.3803,4.0
0.123502,51.580097,5.48835,3.0
0.129156,51.578588,1.53675,1.0
0.125487,51.576056,3.62429,2.0
0.120698,51.572913,4.47327,2.0
0.024563,51.590158,12.9246,4.0
0.016706,51.599132,4.76334,2.0
0.021172,51.601819,4.84771,2.0
0.027588,51.60132,4.87334,2.0
0.021592,51.597795,8.67179,3.0
0.015373,51.596138,6.37091,3.0
0.026005,51.596829,10.545,4.0
0.047436,51.578245,11.5031,4.0
0.053213,51.578531,10.1765,4.0
0.045556,51.582252,5.01901,3.0
0.056379,51.588262,3.19564,2.0
0.058723,51.590332,3.11889,2.0
0.065488,51.587956,2.55314,2.0
0.055775,51.584268,4.16421,2.0
0.051061,51.582511,2.94155,2.0
0.083421,51.553648,3.94166,2.0
0.085256,51.551659,3.71843,2.0
0.078484,51.553555,5.96544,3.0
0.082704,51.556991,10.4412,4.0
0.078821,51.556884,8.52361,3.0
0.074173,51.555302,29.5026,7.0
0.065241,51.574346,12.4863,4.0
0.056651,51.56554,2.06048,1.0
0.062614,51.570374,17.2519,5.0
0.052946,51.570778,5.21931,3.0
0.058309,51.569682,11.0764,4.0
0.0604,51.566563,10.6365,4.0
0.057778,51.575072,12.7752,4.0
0.04827,51.57454,10.8525,4.0
0.080677,51.602361,5.6394,3.0
0.098497,51.603813,5.7749,3.0
0.08201,51.597743,8.81077,3.0
0.085009,51.589824,14.1653,4.0
0.0889,51.604417,7.6979,3.0
0.074579,51.604268,1.67227,1.0
0.086722,51.601751,10.8331,4.0
0.08039,51.59395,10.4512,4.0
0.072836,51.596084,3.8223,2.0
0.05813,51.594366,3.26508,2.0
0.064156,51.597166,2.56803,2.0
0.067077,51.593849,3.22212,2.0
0.05267,51.593511,3.59441,2.0
0.07467,51.591477,7.56211,3.0
0.068966,51.590114,3.41703,2.0
0.104867,51.56127,10.8117,4.0
0.095822,51.561984,13.1831,4.0
0.101056,51.562033,11.374,4.0
0.111055,51.559867,7.22206,3.0
0.114696,51.564826,12.6756,4.0
0.110531,51.562962,9.40997,3.0
0.10676,51.606882,4.5279,2.0
0.097362,51.606627,9.19717,3.0
0.116304,51.613419,4.71604,2.0
0.111526,51.61129,4.89036,2.0
0.098477,51.612596,4.50582,2.0
0.09774,51.610033,5.86856,3.0
0.120255,51.610909,1.29928,1.0
0.10596,51.610429,4.51828,2.0
0.069057,51.555073,25.6946,7.0
0.072298,51.552088,14.6289,4.0
0.076902,51.551633,6.63365,3.0
0.07883,51.549869,5.1061,3.0
0.070386,51.546785,2.88878,2.0
0.072489,51.549352,6.61515,3.0
0.076535,51.546877,11.5644,4.0
0.083462,51.547115,5.17311,3.0
0.073756,51.545057,11.9216,4.0
0.105434,51.55738,4.98618,2.0
0.103765,51.552105,5.93214,3.0
0.092093,51.551708,4.70962,2.0
0.094825,51.554962,4.86374,2.0
0.097869,51.549568,7.34523,3.0
0.096579,51.558893,9.43608,3.0
0.087829,51.55545,5.92626,3.0
0.024705,51.623317,3.26105,2.0
0.032042,51.616906,3.23111,2.0
0.022611,51.616106,4.027,2.0
0.035245,51.613178,6.66185,3.0
0.029065,51.610083,7.79245,3.0
0.029341,51.606215,10.9326,4.0
0.02398,51.605857,6.17191,3.0
0.097693,51.575852,4.75922,2.0
0.074198,51.57384,10.3576,4.0
0.08775,51.572438,11.4789,4.0
0.093822,51.571879,7.77639,3.0
0.081947,51.571806,10.0697,4.0
0.084471,51.567608,6.81042,3.0
0.092736,51.567458,8.02507,3.0
0.085199,51.564921,6.232,3.0
0.030837,51.58699,7.26913,3.0
0.036292,51.600008,5.04545,3.0
0.039429,51.600568,3.23433,2.0
0.032635,51.597691,3.64903,2.0
0.045836,51.59381,2.30167,1.0
0.030979,51.590256,7.13022,3.0
0.031304,51.593151,9.52741,3.0
0.100514,51.568684,7.73922,3.0
0.101489,51.566375,10.8431,4.0
0.096154,51.567109,9.05979,3.0
0.107722,51.567183,12.8205,4.0
0.114582,51.573464,5.43161,3.0
0.108095,51.570283,7.49614,3.0
0.100104,51.571254,4.92969,2.0
0.115254,51.569587,10.7614,4.0
0.02653,51.584473,9.7145,3.0
0.019497,51.587258,8.42769,3.0
0.019093,51.58371,10.911,4.0
0.027668,51.580287,18.1439,5.0
0.022188,51.577482,18.1585,5.0
0.020559,51.574614,16.8956,5.0
0.015941,51.59172,3.48404,2.0
0.071652,51.564682,21.473,6.0
0.078596,51.563455,19.5457,5.0
0.072597,51.561285,31.033,7.0
0.060374,51.562338,6.91525,3.0
0.064233,51.560921,10.1838,4.0
0.077814,51.568849,4.31107,2.0
0.076584,51.566015,8.02686,3.0
0.063875,51.564669,18.5283,5.0
0.025907,51.572776,13.8459,4.0
0.041599,51.563492,0.792167,1.0
0.02349,51.565383,5.63005,3.0
0.038875,51.562031,4.31212,2.0
0.029575,51.563987,3.62257,2.0
0.033664,51.582976,4.31912,2.0
0.0353,51.577641,4.09305,2.0
0.032337,51.575238,9.25719,3.0
-0.242031,51.477948,6.10932,3.0
-0.247502,51.475403,9.16319,3.0
-0.239871,51.473704,6.33032,3.0
-0.238581,51.481792,11.1344,4.0
-0.23296,51.48625,8.47715,3.0
-0.23015,51.483763,5.28207,3.0
-0.240285,51.484454,5.81326,3.0
-0.274441,51.463149,7.54872,3.0
-0.271614,51.460828,1.12237,1.0
-0.265421,51.460345,0.811559,1.0
-0.268623,51.466359,9.86465,3.0
-0.262327,51.46638,9.59648,3.0
-0.26116,51.463527,4.66209,2.0
-0.350377,51.430745,11.1387,4.0
-0.341979,51.430724,8.2283,3.0
-0.347014,51.432246,11.0846,4.0
-0.360976,51.430108,4.57371,2.0
-0.348175,51.427841,6.42948,3.0
-0.357919,51.426388,4.81855,2.0
-0.305683,51.441545,1.71255,1.0
-0.305309,51.432376,1.10055,1.0
-0.318639,51.436177,2.11795,1.0
-0.316583,51.43878,1.73335,1.0
-0.314763,51.432821,3.48605,2.0
-0.300616,51.455128,5.45005,3.0
-0.36429,51.418866,5.04173,3.0
-0.358941,51.413994,2.93877,2.0
-0.371457,51.41973,5.92928,3.0
-0.378508,51.420535,3.41686,2.0
-0.376571,51.416352,2.08333,1.0
-0.369087,51.414707,4.66336,2.0
-0.375843,51.423885,4.59622,2.0
-0.374455,51.431801,3.80589,2.0
-0.365663,51.426144,4.82117,2.0
-0.378779,51.431704,3.87613,2.0
-0.384551,51.426778,3.55058,2.0
-0.379983,51.425576,4.08739,2.0
-0.311398,51.414044,6.75003,3.0
-0.317618,51.424188,3.94543,2.0
-0.322915,51.424136,6.58638,3.0
-0.312183,51.422186,1.94871,1.0
-0.320497,51.420644,6.61121,3.0
-0.316308,51.416381,10.2645,4.0
-0.37169,51.455445,4.07902,2.0
-0.376962,51.451955,3.71158,2.0
-0.367007,51.447821,3.1675,2.0
-0.382132,51.447997,4.02523,2.0
-0.359789,51.447826,6.60147,3.0
-0.37274,51.445356,2.95048,2.0
-0.282761,51.477807,6.95003,3.0
-0.287891,51.478666,3.82784,2.0
-0.286427,51.469782,15.4261,5.0
-0.287931,51.474224,8.61002,3.0
-0.283983,51.483227,8.76742,3.0
-0.237203,51.465567,12.4464,4.0
-0.246589,51.470729,9.37238,3.0
-0.250969,51.472117,10.799,4.0
-0.268909,51.469118,5.30982,3.0
-0.259102,51.469039,8.33843,3.0
-0.252161,51.467849,6.61309,3.0
-0.255481,51.467877,7.39134,3.0
-0.275399,51.465589,8.3253,3.0
-0.298624,51.466309,7.28793,3.0
-0.294483,51.465557,23.9086,6.0
-0.283036,51.465515,12.0508,4.0
-0.289578,51.463379,15.0247,5.0
-0.291802,51.469106,14.337,4.0
-0.275943,51.467924,7.77851,3.0
-0.324464,51.456795,7.67142,3.0
-0.337393,51.453855,7.95438,3.0
-0.320357,51.453875,12.3467,4.0
-0.328769,51.454259,11.5189,4.0
-0.336292,51.451528,8.73501,3.0
-0.323781,51.46237,4.939,2.0
-0.320075,51.458006,6.44728,3.0
-0.298593,51.461814,26.0067,7.0
-0.294895,51.460461,13.3992,4.0
-0.286677,51.46107,6.25354,3.0
-0.304815,51.460103,27.4481,7.0
-0.298243,51.457907,14.9334,4.0
-0.29192,51.455,1.55146,1.0
-0.296418,51.455172,3.26691,2.0
-0.334578,51.440614,10.0568,4.0
-0.335156,51.436988,6.11107,3.0
-0.335197,51.445085,16.6946,5.0
-0.342144,51.446312,9.50809,3.0
-0.339695,51.441197,10.1512,4.0
-0.346042,51.439004,9.96644,3.0
-0.333941,51.428492,10.9734,4.0
-0.330696,51.425622,11.9381,4.0
-0.339086,51.425941,4.75512,2.0
-0.332091,51.421811,2.32395,1.0
-0.335943,51.431856,5.62006,3.0
-0.32735,51.430399,6.25637,3.0
-0.307838,51.453971,8.13706,3.0
-0.312584,51.456899,12.1823,4.0
-0.314926,51.453954,14.35,4.0
-0.32223,51.45098,10.5819,4.0
-0.325899,51.448029,19.8683,5.0
-0.33143,51.447841,21.7385,6.0
-0.346908,51.443034,11.1942,4.0
-0.352281,51.441858,8.2658,3.0
-0.354372,51.438237,7.3949,3.0
-0.356704,51.445046,1.69309,1.0
-0.359334,51.44086,7.08943,3.0
-0.369264,51.439063,5.39507,3.0
-0.350247,51.445363,5.06126,3.0
-0.352577,51.454731,5.18296,3.0
-0.358723,51.455904,7.87389,3.0
-0.369373,51.45255,2.00928,1.0
-0.364192,51.455202,6.12218,3.0
-0.356565,51.451064,7.82695,3.0
-0.34923,51.451674,4.11358,2.0
-0.085396,51.473971,14.285,4.0
-0.080186,51.475603,13.4737,4.0
-0.089513,51.471918,25.1306,7.0
-0.080268,51.471303,13.8509,4.0
-0.08429,51.470824,7.36537,3.0
-0.083252,51.478441,7.25009,3.0
-0.085332,51.47632,12.0831,4.0
-0.089467,51.477044,18.7464,5.0
-0.098758,51.476084,20.7302,6.0
-0.095053,51.477891,21.9918,6.0
-0.092675,51.474392,33.812,7.0
-0.096019,51.471846,27.1055,7.0
-0.097634,51.48168,19.9945,5.0
-0.097052,51.479359,23.2131,6.0
-0.090575,51.478926,16.701,5.0
-0.102268,51.479533,15.3548,5.0
-0.098222,51.500743,79.5195,8.0
-0.09513,51.502599,92.32,8.0
-0.105158,51.498979,98.7026,8.0
-0.102898,51.49616,78.2513,8.0
-0.104539,51.494001,63.6931,8.0
-0.103204,51.506248,75.8419,8.0
-0.096688,51.506249,71.412,8.0
-0.091371,51.498072,55.6753,8.0
-0.097014,51.497033,76.3364,8.0
-0.089198,51.49997,63.9147,8.0
-0.091112,51.50105,89.4512,8.0
-0.086535,51.4977,31.057,7.0
-0.083551,51.496723,19.919,5.0
-0.088871,51.496221,30.0469,7.0
-0.095927,51.496189,65.1941,8.0
-0.070623,51.434818,6.43321,3.0
-0.082748,51.42828,8.85067,3.0
-0.081958,51.430692,8.84743,3.0
-0.078288,51.425213,15.3887,5.0
-0.065627,51.445124,9.00387,3.0
-0.069041,51.445862,8.68232,3.0
-0.08882,51.43728,4.94678,2.0
-0.076059,51.457892,16.5506,5.0
-0.075925,51.460167,17.4577,5.0
-0.073748,51.455591,12.4087,4.0
-0.069383,51.455434,11.1178,4.0
-0.074911,51.452895,11.4817,4.0
-0.068539,51.451847,9.48494,3.0
-0.072067,51.44978,11.488,4.0
-0.087935,51.492936,32.6668,7.0
-0.085765,51.491171,21.5532,6.0
-0.09203,51.48944,27.8448,7.0
-0.079633,51.487058,12.6048,4.0
-0.080459,51.48906,19.6325,5.0
-0.091286,51.483771,19.6174,5.0
-0.083722,51.485603,6.82276,3.0
-0.093595,51.483867,20.5273,6.0
-0.088186,51.484492,9.20853,3.0
-0.083942,51.487547,13.4816,4.0
-0.087935,51.488161,14.3897,4.0
-0.091651,51.48763,23.6952,6.0
-0.086466,51.48659,9.0756,3.0
-0.073528,51.497269,10.9034,4.0
-0.077962,51.498188,21.5032,6.0
-0.06934,51.494178,7.06045,3.0
-0.074791,51.495065,9.21538,3.0
-0.08228,51.494619,18.2871,5.0
-0.079419,51.491582,15.5438,5.0
-0.086219,51.501439,84.3865,8.0
-0.065897,51.479465,13.772,4.0
-0.059012,51.476826,20.6753,6.0
-0.051941,51.489994,13.1411,4.0
-0.057847,51.486279,4.31175,2.0
-0.057163,51.480343,10.7857,4.0
-0.06519,51.481825,9.99103,3.0
-0.070336,51.480721,11.0672,4.0
-0.098802,51.483312,8.15529,3.0
-0.10456,51.4836,16.5964,5.0
-0.103988,51.481579,8.92975,3.0
-0.099029,51.487349,35.947,7.0
-0.102113,51.489299,45.6154,8.0
-0.098269,51.485287,18.504,5.0
-0.105582,51.487214,34.3612,7.0
-0.103372,51.485529,18.3586,5.0
-0.053053,51.46738,13.3242,4.0
-0.056838,51.464182,8.26902,3.0
-0.047459,51.460621,7.92082,3.0
-0.055337,51.476523,17.3645,5.0
-0.055002,51.472904,23.1322,6.0
-0.060611,51.472633,24.5143,6.0
-0.057976,51.46981,16.3159,5.0
-0.07377,51.478816,10.8004,4.0
-0.067253,51.476048,28.8441,7.0
-0.070652,51.475634,25.2333,7.0
-0.078283,51.477981,10.4316,4.0
-0.080743,51.480458,5.62015,3.0
-0.074946,51.475627,14.4653,4.0
-0.07563,51.480588,6.73928,3.0
-0.065536,51.455101,10.0316,4.0
-0.049349,51.456835,8.0044,3.0
-0.056358,51.452225,7.87077,3.0
-0.062975,51.451989,6.66859,3.0
-0.060817,51.461968,11.8681,4.0
-0.056231,51.459814,4.82233,2.0
-0.069132,51.460037,16.2104,5.0
-0.066785,51.497213,15.2282,5.0
-0.062807,51.499114,14.8683,4.0
-0.060168,51.494886,14.9454,4.0
-0.07671,51.501456,70.7293,8.0
-0.070547,51.499579,12.6684,4.0
-0.047943,51.50081,17.8708,5.0
-0.053203,51.501197,20.2074,6.0
-0.051584,51.496558,27.0332,7.0
-0.044919,51.500677,18.9261,5.0
-0.051565,51.499094,25.9337,7.0
-0.059657,51.498146,17.0703,5.0
-0.055883,51.492228,17.2006,5.0
-0.047466,51.491359,22.6585,6.0
-0.059331,51.489379,12.224,4.0
-0.064235,51.48811,11.1853,4.0
-0.072833,51.489174,12.7657,4.0
-0.071969,51.487134,18.2292,5.0
-0.069214,51.487605,14.4436,4.0
-0.063726,51.492075,9.92028,3.0
-0.068149,51.491366,7.1296,3.0
-0.073048,51.491494,11.5705,4.0
-0.080488,51.463715,15.3488,5.0
-0.074384,51.463485,16.7826,5.0
-0.090457,51.461622,14.5472,4.0
-0.08623,51.460391,11.6454,4.0
-0.084999,51.463859,21.3117,6.0
-0.082571,51.46806,13.6149,4.0
-0.087754,51.466035,21.4085,6.0
-0.078689,51.464681,13.678,4.0
-0.045212,51.505044,11.503,4.0
-0.036739,51.50622,4.73782,2.0
-0.04013,51.504711,4.43278,2.0
-0.033748,51.501367,4.48725,2.0
-0.037073,51.49798,8.45748,3.0
-0.03458,51.49478,3.33372,2.0
-0.041129,51.495073,17.7769,5.0
-0.0424,51.491996,19.2869,5.0
-0.074348,51.468548,23.2533,6.0
-0.066353,51.466054,30.5572,7.0
-0.071029,51.467202,25.4598,7.0
-0.063353,51.464658,20.416,6.0
-0.070729,51.464042,21.1206,6.0
-0.076696,51.472673,23.8717,6.0
-0.066364,51.472455,39.3049,7.0
-0.061897,51.467478,17.4789,5.0
-0.090292,51.446913,6.49154,3.0
-0.091288,51.455336,13.7166,4.0
-0.080692,51.457152,11.1411,4.0
-0.078644,51.452126,10.2607,4.0
-0.094831,51.454989,18.2363,5.0
-0.097651,51.452215,18.376,5.0
-0.08167,51.449654,5.99604,3.0
-0.138474,51.372428,3.77595,2.0
-0.132752,51.368884,7.05502,3.0
-0.130127,51.371326,3.24312,2.0
-0.138656,51.366342,4.75835,2.0
-0.126914,51.367229,8.65035,3.0
-0.133817,51.362525,5.10348,3.0
-0.125237,51.363103,6.09718,3.0
-0.131149,51.35231,3.38368,2.0
-0.142604,51.346512,3.22483,2.0
-0.132581,51.348329,1.54295,1.0
-0.132821,51.35876,5.73115,3.0
-0.140144,51.353224,4.41837,2.0
-0.127776,51.35485,3.09877,2.0
-0.133064,51.354765,4.1885,2.0
-0.195866,51.34819,8.44048,3.0
-0.185609,51.343582,4.25247,2.0
-0.186155,51.350214,4.75012,2.0
-0.200465,51.348401,3.47156,2.0
-0.199605,51.344038,7.4126,3.0
-0.203819,51.353529,3.52492,2.0
-0.193717,51.351143,5.89197,3.0
-0.1735,51.360814,9.32313,3.0
-0.168098,51.359788,9.22396,3.0
-0.163512,51.367972,10.5112,4.0
-0.172677,51.365671,9.47192,3.0
-0.177399,51.368232,6.18213,3.0
-0.162938,51.36318,9.73324,3.0
-0.178964,51.364383,6.0167,3.0
-0.163608,51.357066,7.20562,3.0
-0.171649,51.353664,7.63036,3.0
-0.176144,51.348053,2.67298,2.0
-0.162492,51.353007,4.93898,2.0
-0.162,51.348665,0.70214,1.0
-0.155942,51.32491,2.80366,2.0
-0.215026,51.358603,9.51512,3.0
-0.219779,51.363968,6.75066,3.0
-0.217822,51.352616,6.1355,3.0
-0.214735,51.338065,0.541711,1.0
-0.214766,51.368058,3.24227,2.0
-0.233833,51.368707,3.31165,2.0
-0.242853,51.369477,1.40874,1.0
-0.224602,51.368902,8.16664,3.0
-0.220694,51.371843,6.30588,3.0
-0.226664,51.365783,5.05801,3.0
-0.242024,51.376228,8.31877,3.0
-0.237677,51.373299,4.23612,2.0
-0.186401,51.383268,8.48172,3.0
-0.196405,51.383916,3.97712,2.0
-0.174555,51.381853,6.71199,3.0
-0.177557,51.380734,7.11746,3.0
-0.173709,51.378282,5.67364,3.0
-0.181003,51.378224,6.5381,3.0
-0.186167,51.385705,9.46177,3.0
-0.204379,51.379469,4.30973,2.0
-0.216319,51.376781,5.57155,3.0
-0.218442,51.373365,4.67314,2.0
-0.213409,51.372637,3.93757,2.0
-0.210447,51.384553,6.81465,3.0
-0.204898,51.383078,4.40326,2.0
-0.212263,51.381057,4.69217,2.0
-0.188247,51.364142,26.1402,7.0
-0.184245,51.366458,7.84391,3.0
-0.182885,51.362936,14.2341,4.0
-0.1919,51.368359,17.5219,5.0
-0.18743,51.368018,9.34952,3.0
-0.196734,51.365817,26.9452,7.0
-0.200425,51.3662,16.9251,5.0
-0.19092,51.376554,9.66375,3.0
-0.199419,51.376757,7.51904,3.0
-0.197275,51.372044,15.8272,5.0
-0.185154,51.374117,3.92044,2.0
-0.201503,51.370765,9.0427,3.0
-0.189195,51.371339,9.58367,3.0
-0.187478,51.357635,20.9115,6.0
-0.183763,51.35842,7.49818,3.0
-0.193863,51.356306,21.2158,6.0
-0.189002,51.354379,9.76001,3.0
-0.178817,51.355894,3.80326,2.0
-0.197626,51.354046,10.2037,4.0
-0.196701,51.358848,24.6079,6.0
-0.20965,51.358885,10.4998,4.0
-0.203374,51.357281,11.7387,4.0
-0.208765,51.36832,6.7979,3.0
-0.203796,51.364245,8.87518,3.0
-0.210293,51.36485,5.60948,3.0
-0.199521,51.361943,24.0352,6.0
-0.167801,51.377196,4.52095,2.0
-0.163151,51.374952,7.52413,3.0
-0.170207,51.372643,10.4605,4.0
-0.161944,51.372213,7.40919,3.0
-0.176515,51.375,5.05317,3.0
-0.17867,51.372012,4.51784,2.0
-0.163394,51.379677,3.35493,2.0
-0.153645,51.362406,14.5635,4.0
-0.154218,51.369745,6.44747,3.0
-0.150751,51.365992,12.2242,4.0
-0.144662,51.365808,5.45471,3.0
-0.146688,51.362572,13.1422,4.0
-0.154071,51.373464,5.46785,3.0
-0.156718,51.367182,9.35599,3.0
-0.150802,51.356307,14.8969,4.0
-0.146532,51.359177,14.1124,4.0
-0.14494,51.35516,8.52539,3.0
-0.155784,51.353466,4.53779,2.0
-0.148143,51.35115,5.01894,3.0
-0.141076,51.36051,7.58279,3.0
-0.17419,51.385781,5.65039,3.0
-0.169182,51.385538,3.30352,2.0
-0.163527,51.38509,4.87253,2.0
-0.159896,51.382665,5.5434,3.0
-0.168575,51.381886,3.77943,2.0
-0.156879,51.380304,8.86803,3.0
-0.175848,51.389775,4.47979,2.0
-0.233132,51.377268,5.60699,3.0
-0.229732,51.373171,8.52861,3.0
-0.238555,51.383165,3.14772,2.0
-0.231678,51.381833,1.71941,1.0
-0.225165,51.381271,3.73655,2.0
-0.239523,51.379585,9.10362,3.0
-0.225443,51.37786,5.46255,3.0
-0.054035,51.533185,29.8934,7.0
-0.055004,51.530717,33.5544,7.0
-0.059004,51.530732,32.2057,7.0
-0.061791,51.530831,26.5526,7.0
-0.04872,51.532448,19.28,5.0
-0.063278,51.532829,21.4444,6.0
-0.060118,51.527971,34.5256,7.0
-0.063833,51.529257,21.0849,6.0
-0.061901,51.521776,28.123,7.0
-0.056912,51.52227,38.9577,7.0
-0.048658,51.523012,25.6746,7.0
-0.05603,51.521134,35.6349,7.0
-0.053698,51.523927,40.5405,8.0
-0.05996,51.525622,32.3515,7.0
-0.056876,51.525088,38.7847,7.0
-0.00782,51.496837,9.50465,3.0
-0.013109,51.496455,14.2162,4.0
-0.006109,51.493317,7.79228,3.0
-0.00896,51.488747,11.7223,4.0
-0.004595,51.490487,9.59182,3.0
-0.009452,51.50923,19.2056,5.0
-0.009199,51.499692,13.4632,4.0
-0.031418,51.534661,6.98327,3.0
-0.029275,51.537234,5.92212,3.0
-0.026564,51.536242,8.30931,3.0
-0.020849,51.531168,20.7924,6.0
-0.029769,51.531712,10.4038,4.0
-0.033362,51.530197,17.148,5.0
-0.028818,51.528772,29.3354,7.0
-0.037431,51.529967,27.5519,7.0
-0.024999,51.528571,29.3028,7.0
-0.034127,51.52674,32.0417,7.0
-0.035708,51.533536,6.28465,3.0
-0.038643,51.532587,7.25082,3.0
-0.01526,51.528599,25.726,7.0
-0.015076,51.526404,21.991,6.0
-0.018583,51.526595,18.5001,5.0
-0.012821,51.523819,17.7536,5.0
-0.017384,51.524368,16.9909,5.0
-0.021161,51.522846,8.6288,3.0
-0.022178,51.52063,8.70052,3.0
-0.019959,51.519416,10.2595,4.0
-0.005703,51.513162,7.29609,3.0
-0.017673,51.512607,13.0746,4.0
-0.000563,51.514225,7.16725,3.0
-0.014613,51.516629,12.0728,4.0
-0.011843,51.512493,19.0953,5.0
-0.011298,51.51915,13.895,4.0
-0.008866,51.516193,7.31393,3.0
-0.018448,51.516224,8.37663,3.0
-0.031698,51.514501,23.5241,6.0
-0.025423,51.513459,16.7394,5.0
-0.023302,51.511753,13.7573,4.0
-0.034265,51.511586,20.1735,6.0
-0.028784,51.510204,27.821,7.0
-0.020539,51.509545,13.9344,4.0
-0.015488,51.509776,15.2477,5.0
-0.03166,51.509409,18.4802,5.0
-0.051294,51.528223,31.9958,7.0
-0.046639,51.52779,21.7834,6.0
-0.041141,51.522386,28.593,7.0
-0.043788,51.52462,16.9731,5.0
-0.046889,51.524821,19.8637,5.0
-0.039448,51.521403,23.0744,6.0
-0.050359,51.52997,22.3715,6.0
-0.022619,51.525789,21.3283,6.0
-0.026266,51.525352,24.2133,6.0
-0.031917,51.524162,31.7244,7.0
-0.03199,51.52139,23.2713,6.0
-0.028942,51.519508,14.9648,4.0
-0.025165,51.517437,10.4517,4.0
-0.027777,51.51622,12.7581,4.0
-0.021557,51.490126,8.98745,3.0
-0.017642,51.489093,10.8607,4.0
-0.016949,51.486977,10.597,4.0
-0.026291,51.506629,21.6196,6.0
-0.025191,51.496478,7.43067,3.0
-0.01911,51.492006,9.99369,3.0
-0.048482,51.518671,17.323,5.0
-0.038556,51.519163,18.5436,5.0
-0.037696,51.51703,18.3407,5.0
-0.037157,51.514824,25.1716,7.0
-0.050923,51.515736,22.6712,6.0
-0.043192,51.514916,24.2715,6.0
-0.047214,51.514826,19.8905,5.0
-0.047277,51.520743,22.4236,6.0
-0.058908,51.504245,14.1009,4.0
-0.063422,51.506305,11.6572,4.0
-0.068157,51.505913,22.5279,6.0
-0.068918,51.509778,28.0476,7.0
-0.063428,51.510471,19.1191,5.0
-0.057635,51.50632,18.8066,5.0
-0.053887,51.506789,18.1956,5.0
-0.05475,51.513045,27.7415,7.0
-0.049613,51.510418,26.0274,7.0
-0.057532,51.510664,27.0338,7.0
-0.05525,51.511377,32.6974,7.0
-0.047249,51.51094,21.2281,6.0
-0.059214,51.512598,26.5155,7.0
-0.048131,51.512292,24.8217,6.0
-0.070634,51.519198,46.8554,8.0
-0.0755,51.520382,76.633,8.0
-0.066809,51.520036,17.9988,5.0
-0.067212,51.518763,38.8114,7.0
-0.074004,51.516878,91.2215,8.0
-0.073905,51.528323,25.8851,7.0
-0.068715,51.526866,15.0609,5.0
-0.065927,51.526558,23.7138,6.0
-0.068227,51.529033,15.0317,5.0
-0.072791,51.526378,26.8641,7.0
-0.074678,51.524996,40.0847,8.0
-0.069498,51.523895,26.3875,7.0
-0.070272,51.530363,17.2967,5.0
-0.064442,51.512587,27.4237,7.0
-0.062518,51.515339,31.5002,7.0
-0.054869,51.519115,35.3089,7.0
-0.055079,51.516807,31.3955,7.0
-0.051903,51.518052,22.2961,6.0
-0.064848,51.516342,41.3271,8.0
-0.05624,51.515145,29.3182,7.0
0.013124,51.558656,6.34881,3.0
0.007022,51.555613,9.28759,3.0
0.014703,51.555788,4.81106,2.0
0.010214,51.556505,6.35237,3.0
0.018085,51.554887,7.28664,3.0
0.008324,51.552821,9.08841,3.0
0.012428,51.562474,15.0356,5.0
0.010863,51.560496,10.6936,4.0
0.003035,51.553798,12.1712,4.0
-0.005965,51.554374,24.4388,6.0
-0.001845,51.552622,19.5516,5.0
-0.002616,51.554955,22.3495,6.0
0.006284,51.562771,18.5877,5.0
0.002531,51.557813,17.6236,5.0
0.005907,51.558959,10.5235,4.0
-0.011619,51.59514,6.83652,3.0
-0.004497,51.601226,6.11766,3.0
-0.014188,51.599667,6.04218,3.0
-0.007476,51.597001,5.84532,3.0
-0.021036,51.598519,7.4411,3.0
-0.017662,51.596188,6.88917,3.0
-0.006179,51.593662,7.85289,3.0
-0.009282,51.642769,2.60566,2.0
-0.011116,51.635501,4.14689,2.0
-0.006488,51.636798,4.51648,2.0
0.00468,51.634282,5.24564,3.0
0.013011,51.629676,6.12753,3.0
0.006286,51.63061,12.4894,4.0
-0.008138,51.623998,3.71726,2.0
-0.01605,51.625748,2.9095,2.0
-0.009139,51.631157,4.8265,2.0
-0.004527,51.62828,6.90069,3.0
0.000558,51.62749,8.0844,3.0
-0.001506,51.623214,4.52015,2.0
-0.02008,51.623978,3.55343,2.0
0.009215,51.575035,7.0128,3.0
-0.002183,51.578623,12.969,4.0
-0.005644,51.576447,16.0909,5.0
-0.010881,51.576066,23.6092,6.0
8.5e-05,51.574316,8.71114,3.0
-0.005793,51.572735,15.6319,5.0
-0.003204,51.571156,13.33,4.0
-0.007881,51.5657,9.78475,3.0
-0.00541,51.566987,9.52782,3.0
0.001378,51.565059,19.5027,5.0
-0.002542,51.564383,8.72288,3.0
-0.008762,51.563317,17.7363,5.0
-0.000585,51.561937,19.7298,5.0
-0.006222,51.561569,20.0761,6.0
-0.005151,51.559391,24.7734,6.0
0.001991,51.598077,3.08518,2.0
0.000883,51.594454,6.17796,3.0
-0.001275,51.610963,8.17743,3.0
0.008688,51.606387,2.82789,2.0
-0.000215,51.605216,8.76649,3.0
-0.006758,51.606993,5.87665,3.0
0.001887,51.60255,6.11087,3.0
0.004003,51.620871,5.84033,3.0
0.017955,51.610859,3.257,2.0
0.006775,51.616514,4.42532,2.0
0.004895,51.612917,3.75753,2.0
0.003945,51.60994,6.7736,3.0
0.010937,51.624996,4.8808,2.0
0.01,51.621488,3.63477,2.0
-0.037777,51.583125,10.313,4.0
-0.03092,51.584216,18.7884,5.0
-0.038377,51.585809,15.195,5.0
-0.035608,51.581632,14.7573,4.0
-0.03979,51.579152,1.08716,1.0
-0.032765,51.587104,14.3206,4.0
-0.024068,51.585136,28.8613,7.0
-0.039462,51.598968,4.36378,2.0
-0.033892,51.600896,2.59091,2.0
-0.033418,51.597127,5.89225,3.0
-0.038606,51.594232,6.75099,3.0
-0.031961,51.595109,3.6788,2.0
-0.027393,51.597959,5.86788,3.0
-0.034723,51.591959,5.17408,3.0
-0.01138,51.578326,19.4201,5.0
-0.01651,51.578628,27.6919,7.0
-0.010176,51.588762,9.34314,3.0
-0.016646,51.58862,13.0956,4.0
-0.017015,51.58615,22.0624,6.0
-0.011426,51.586293,11.5197,4.0
-0.016986,51.582698,32.454,7.0
-0.01279,51.581093,19.3702,5.0
-0.002339,51.618912,5.41724,3.0
-0.014523,51.618708,7.9471,3.0
-0.00862,51.618892,4.49868,2.0
-0.006845,51.612012,3.92694,2.0
-0.014245,51.61342,7.4391,3.0
-0.01481,51.609693,7.82563,3.0
-0.013118,51.606609,7.7111,3.0
-0.016002,51.574458,20.7897,6.0
-0.023422,51.572613,11.1775,4.0
-0.033734,51.569175,4.31176,2.0
-0.017284,51.571927,13.0784,4.0
-0.023781,51.569135,8.5424,3.0
-0.029057,51.570857,9.56044,3.0
-0.020974,51.568976,8.41691,3.0
-0.029742,51.567348,4.97309,2.0
-0.01822,51.563866,4.58703,2.0
-0.013695,51.561618,5.34133,3.0
-0.009793,51.558348,15.1683,5.0
-0.011759,51.568968,9.69303,3.0
-0.018552,51.5669,3.73113,2.0
-0.013538,51.564836,11.7187,4.0
0.010535,51.5727,17.9811,5.0
0.001716,51.569915,22.0963,6.0
0.013574,51.568951,23.2982,6.0
0.002481,51.567813,20.6552,6.0
0.009303,51.565299,25.9134,7.0
0.014881,51.566851,22.3005,6.0
0.007395,51.572378,14.7691,4.0
-0.020987,51.580964,31.5323,7.0
-0.028709,51.579306,17.6674,5.0
-0.024107,51.578641,16.6579,5.0
-0.034152,51.578351,12.5915,4.0
-0.020075,51.576768,16.1854,5.0
-0.031895,51.575425,4.27719,2.0
-0.025449,51.574558,4.72708,2.0
-0.025671,51.617812,2.76542,2.0
-0.020557,51.620629,3.8228,2.0
-0.020619,51.616206,8.98181,3.0
-0.028723,51.61345,3.34808,2.0
-0.021442,51.612307,7.48551,3.0
-0.020159,51.609189,8.81325,3.0
-0.026898,51.608617,2.38199,1.0
-0.025273,51.590314,8.10185,3.0
-0.030476,51.58937,9.88024,3.0
-0.027738,51.593074,5.33983,3.0
-0.019457,51.590891,11.8487,4.0
-0.036696,51.58891,14.3995,4.0
-0.024871,51.587384,12.752,4.0
-0.023899,51.593892,6.27086,3.0
-0.00593,51.586537,10.4803,4.0
-0.003789,51.583594,14.7005,4.0
-0.007617,51.581236,10.3848,4.0
-0.000896,51.582619,14.8805,4.0
0.003751,51.5858,4.49017,2.0
0.001262,51.591405,7.57519,3.0
-0.005344,51.589654,11.0759,4.0
-0.001555,51.588719,9.51262,3.0
-0.151814,51.449496,20.7403,6.0
-0.146915,51.446927,24.1924,6.0
-0.15054,51.445901,29.0897,7.0
-0.146834,51.44329,24.9317,6.0
-0.149238,51.451231,18.7539,5.0
-0.155066,51.45376,9.35808,3.0
-0.158497,51.453979,4.45571,2.0
-0.159572,51.450451,12.3193,4.0
-0.145235,51.450374,19.3993,5.0
-0.15839,51.434482,22.8586,6.0
-0.155084,51.432853,13.3416,4.0
-0.152103,51.43006,6.24734,3.0
-0.146034,51.440026,13.0266,4.0
-0.152191,51.44002,24.8053,6.0
-0.145669,51.436904,4.88674,2.0
-0.149102,51.437732,12.9393,4.0
-0.153692,51.437371,19.2578,5.0
-0.153417,51.435141,10.8804,4.0
-0.184404,51.436792,15.6594,5.0
-0.177724,51.435028,6.74427,3.0
-0.183623,51.434062,8.64266,3.0
-0.191014,51.448077,14.1712,4.0
-0.189579,51.449801,11.3518,4.0
-0.191014,51.444923,17.9979,5.0
-0.187535,51.442369,21.0131,6.0
-0.181741,51.440571,15.219,5.0
-0.18602,51.439151,20.2181,6.0
-0.204385,51.457215,13.0666,4.0
-0.216597,51.45643,22.307,6.0
-0.222857,51.457434,16.8442,5.0
-0.201142,51.454688,8.41914,3.0
-0.211393,51.455222,9.28372,3.0
-0.205407,51.45209,6.65436,3.0
-0.218643,51.452389,12.6739,4.0
-0.218422,51.459818,26.1798,7.0
-0.210009,51.458394,21.2298,6.0
-0.175802,51.460723,65.3732,8.0
-0.192035,51.460675,20.3022,6.0
-0.182616,51.458973,28.6528,7.0
-0.201651,51.458692,16.4034,5.0
-0.185754,51.454702,11.5559,4.0
-0.189404,51.453492,11.2959,4.0
-0.188097,51.458239,23.4007,6.0
-0.179737,51.461309,46.4096,8.0
-0.14928,51.424982,4.56366,2.0
-0.141423,51.423727,10.9106,4.0
-0.145789,51.423097,7.33567,3.0
-0.156381,51.423411,13.9156,4.0
-0.151842,51.421882,9.27835,3.0
-0.141837,51.420531,6.997,3.0
-0.145653,51.419747,7.78763,3.0
-0.144575,51.427899,5.71449,3.0
-0.140318,51.427845,8.76703,3.0
-0.1661,51.426299,34.2824,7.0
-0.1685,51.424577,30.668,7.0
-0.162159,51.426393,26.6789,7.0
-0.158186,51.424877,18.0832,5.0
-0.162557,51.421821,22.4067,6.0
-0.16787,51.422273,22.1033,6.0
-0.161344,51.429396,16.0131,5.0
-0.155755,51.428574,3.44266,2.0
-0.158547,51.42738,11.8904,4.0
-0.168279,51.469605,33.3069,7.0
-0.174892,51.466869,60.8192,8.0
-0.170645,51.466815,69.971,8.0
-0.176449,51.465021,58.4702,8.0
-0.180315,51.463812,17.3906,5.0
-0.156899,51.472396,7.90831,3.0
-0.161885,51.472254,9.46682,3.0
-0.173203,51.468751,54.9333,8.0
-0.160239,51.446263,18.8609,5.0
-0.16349,51.443602,18.2374,5.0
-0.156053,51.446088,26.0442,7.0
-0.154472,51.442302,30.2327,7.0
-0.159446,51.441109,23.4633,6.0
-0.163203,51.441206,18.7098,5.0
-0.158166,51.43896,23.9227,6.0
-0.165003,51.438528,15.9668,5.0
-0.157289,51.448707,19.0034,5.0
-0.170167,51.462067,80.0165,8.0
-0.166025,51.460967,70.7844,8.0
-0.169028,51.459311,56.0727,8.0
-0.161913,51.459387,16.7995,5.0
-0.157868,51.457138,6.42138,3.0
-0.162737,51.457473,25.5357,7.0
-0.16682,51.455913,22.3937,6.0
-0.162847,51.454929,5.91175,3.0
-0.162819,51.452362,9.93922,3.0
-0.157088,51.474543,6.67686,3.0
-0.13598,51.47442,12.2579,4.0
-0.152255,51.473787,15.8112,5.0
-0.148175,51.471257,15.8483,5.0
-0.149785,51.469452,17.9822,5.0
-0.15129,51.476379,23.1705,6.0
-0.139801,51.476509,5.71263,3.0
-0.245339,51.453587,6.27377,3.0
-0.243609,51.449885,9.73148,3.0
-0.242832,51.446927,9.87565,3.0
-0.239325,51.446089,10.0612,4.0
-0.235583,51.446669,7.32364,3.0
-0.244793,51.4382,3.67013,2.0
-0.249221,51.453708,4.84142,2.0
-0.250647,51.464082,5.3535,3.0
-0.254198,51.456091,1.03424,1.0
-0.165688,51.474907,11.8297,4.0
-0.168316,51.472932,10.0409,4.0
-0.171688,51.472231,35.848,7.0
-0.174291,51.474918,7.53358,3.0
-0.16682,51.478434,9.28919,3.0
-0.172376,51.477924,11.1926,4.0
-0.17014,51.475803,8.64758,3.0
-0.161638,51.466151,54.162,8.0
-0.15969,51.463123,58.5304,8.0
-0.15291,51.462987,11.8972,4.0
-0.163601,51.462855,71.3531,8.0
-0.15679,51.463079,24.4017,6.0
-0.153332,51.468429,7.74313,3.0
-0.154213,51.465694,13.6658,4.0
-0.15756,51.467765,11.5652,4.0
-0.200161,51.448625,8.33756,3.0
-0.204934,51.448076,11.3183,4.0
-0.200537,51.44538,7.9174,3.0
-0.203844,51.443531,11.5288,4.0
-0.198596,51.442345,7.43252,3.0
-0.193861,51.441759,17.8299,5.0
-0.202692,51.440659,7.76611,3.0
-0.194563,51.455564,19.9831,5.0
-0.197847,51.451726,10.5263,4.0
-0.211436,51.46219,29.104,7.0
-0.226789,51.465961,6.57518,3.0
-0.225462,51.469482,6.04081,3.0
-0.221682,51.467693,13.7766,4.0
-0.221609,51.464527,18.6834,5.0
-0.217244,51.46633,30.8216,7.0
-0.216944,51.462513,32.7799,7.0
-0.170816,51.431162,13.9811,4.0
-0.159885,51.432312,14.3291,4.0
-0.165836,51.432299,17.9333,5.0
-0.164137,51.430589,25.5224,7.0
-0.176322,51.42969,20.741,6.0
-0.180663,51.430962,11.9066,4.0
-0.170646,51.428109,31.1881,7.0
-0.173128,51.425162,14.5109,4.0
-0.164654,51.43556,15.3782,5.0
-0.171909,51.448775,5.1342,3.0
-0.185008,51.451951,4.91633,2.0
-0.18054,51.451631,12.7501,4.0
-0.174526,51.451777,3.16192,2.0
-0.184645,51.44859,11.9191,4.0
-0.177993,51.443637,9.31174,3.0
-0.175198,51.44457,3.97119,2.0
-0.169383,51.439792,6.00695,3.0
-0.18249,51.456114,16.2964,5.0
-0.212523,51.451163,5.31662,3.0
-0.209669,51.446904,9.32165,3.0
-0.216778,51.448177,8.87223,3.0
-0.219357,51.445926,8.34233,3.0
-0.209596,51.442468,9.61406,3.0
-0.213425,51.446281,9.569,3.0
-0.220911,51.443067,5.70922,3.0
-0.215355,51.443198,9.45485,3.0
-0.221004,51.440241,4.895,2.0
-0.215728,51.439501,6.43003,3.0
-0.229974,51.458795,3.91931,2.0
-0.233078,51.463247,4.88593,2.0
-0.227167,51.462383,8.41123,3.0
-0.240599,51.462576,11.3352,4.0
-0.239481,51.459273,4.81162,2.0
-0.225588,51.45415,11.1144,4.0
-0.237605,51.455643,6.22767,3.0
-0.230906,51.454412,6.09325,3.0
-0.180821,51.537483,17.3159,5.0
-0.169906,51.535301,14.8005,4.0
-0.184179,51.534774,18.6008,5.0
-0.174996,51.535975,21.6555,6.0
-0.179937,51.531258,21.5086,6.0
-0.177611,51.532752,22.4332,6.0
-0.188309,51.516867,46.8112,8.0
-0.197052,51.516147,22.0553,6.0
-0.192663,51.5157,26.1461,7.0
-0.186851,51.517924,32.9717,7.0
-0.159167,51.516761,65.4648,8.0
-0.16284,51.516303,60.5846,8.0
-0.162698,51.524343,51.7312,8.0
-0.158834,51.522454,67.5543,8.0
-0.165525,51.519492,67.4532,8.0
-0.160358,51.520677,64.3299,8.0
-0.16391,51.51831,62.8432,8.0
-0.141532,51.486318,9.84175,3.0
-0.150772,51.491443,57.5241,8.0
-0.150474,51.489558,46.0239,8.0
-0.144447,51.487189,12.0873,4.0
-0.139109,51.486493,11.9224,4.0
-0.166644,51.526265,22.7722,6.0
-0.200575,51.526344,21.5926,6.0
-0.197137,51.52563,21.7743,6.0
-0.194984,51.524792,19.9467,5.0
-0.200477,51.530683,20.7789,6.0
-0.200003,51.528302,23.154,6.0
-0.203681,51.524829,20.8297,6.0
-0.16518,51.513861,52.2843,8.0
-0.179704,51.516,48.2925,8.0
-0.176227,51.514134,58.4605,8.0
-0.172136,51.513559,51.9145,8.0
-0.168654,51.516736,59.6186,8.0
-0.164997,51.515735,52.7642,8.0
-0.153137,51.493952,56.1355,8.0
-0.172004,51.499374,17.0752,5.0
-0.164492,51.500702,21.6517,6.0
-0.150079,51.497811,79.5459,8.0
-0.156501,51.500146,36.6798,7.0
-0.172784,51.500484,19.0912,5.0
-0.191665,51.511505,32.3528,7.0
-0.179586,51.512388,42.605,8.0
-0.187693,51.511443,28.8042,7.0
-0.184582,51.51626,35.8808,7.0
-0.181699,51.515051,46.771,8.0
-0.185784,51.51287,32.0154,7.0
-0.189784,51.514221,36.6663,7.0
-0.182071,51.513638,43.6558,8.0
-0.182469,51.526803,20.3509,6.0
-0.175643,51.521958,35.2074,7.0
-0.179865,51.523781,29.3416,7.0
-0.181459,51.525548,21.3213,6.0
-0.192159,51.527879,16.191,5.0
-0.18835,51.527591,16.003,5.0
-0.194128,51.527987,20.4872,6.0
-0.185058,51.5294,20.2799,6.0
-0.19028,51.533805,24.3461,6.0
-0.186944,51.531813,19.8554,5.0
-0.156074,51.520841,63.3469,8.0
-0.147907,51.519924,50.0415,8.0
-0.152332,51.517409,63.5465,8.0
-0.142654,51.522064,52.7533,8.0
-0.149325,51.52259,47.6987,8.0
-0.152472,51.520161,53.748,8.0
-0.204417,51.528027,20.4329,6.0
-0.209742,51.530151,16.6143,5.0
-0.213908,51.529742,19.3185,5.0
-0.210154,51.527489,15.3964,5.0
-0.205978,51.529976,18.957,5.0
-0.204853,51.531725,21.6252,6.0
-0.168483,51.533214,14.764,4.0
-0.169091,51.529186,16.858,5.0
-0.175676,51.530226,20.4304,6.0
-0.162591,51.525997,18.3946,5.0
-0.174688,51.526744,22.9104,6.0
-0.176956,51.527674,19.9814,5.0
-0.164999,51.534987,2.84279,2.0
-0.136978,51.498256,58.0502,8.0
-0.131992,51.497208,44.0277,8.0
-0.130469,51.495856,43.3912,8.0
-0.127882,51.51117,97.9024,8.0
-0.121338,51.513869,94.2208,8.0
-0.134985,51.505848,62.2872,8.0
-0.131931,51.487332,34.2711,7.0
-0.13487,51.486792,22.3783,6.0
-0.136262,51.48609,12.1385,4.0
-0.136748,51.491176,61.1723,8.0
-0.134224,51.489491,48.6476,8.0
-0.137637,51.489303,44.3935,8.0
-0.130154,51.494246,21.7622,6.0
-0.137961,51.494489,62.921,8.0
-0.129684,51.491823,27.4992,7.0
-0.131526,51.493277,23.0741,6.0
-0.133436,51.491568,54.0743,8.0
-0.140061,51.495345,78.4479,8.0
-0.14101,51.492052,66.9255,8.0
-0.146841,51.491312,80.6097,8.0
-0.144685,51.490254,57.4968,8.0
-0.14019,51.489497,22.2623,6.0
-0.142795,51.488586,30.2124,7.0
-0.190502,51.522395,18.4226,5.0
-0.196606,51.522585,19.7925,5.0
-0.191872,51.523965,18.7855,5.0
-0.186292,51.520919,26.6501,7.0
-0.200173,51.518377,16.5669,5.0
-0.147648,51.507782,53.2204,8.0
-0.153431,51.51183,55.3645,8.0
-0.135784,51.517152,73.9184,8.0
-0.141439,51.519181,67.2584,8.0
-0.194825,51.521299,16.1217,5.0
-0.200078,51.519846,20.5269,6.0
0.012215,51.422231,5.47998,3.0
0.010476,51.417825,5.14985,3.0
0.007567,51.424172,5.77311,3.0
0.004057,51.421052,4.63559,2.0
0.107599,51.470956,4.82311,2.0
0.106028,51.477532,4.85676,2.0
-0.045752,51.395748,12.1081,4.0
-0.054142,51.392387,7.5301,3.0
0.037228,51.308468,3.54951,2.0
-0.26459,51.497298,16.6446,5.0
-0.267014,51.491486,19.0241,5.0
-0.070922,51.61223,10.6691,4.0
-0.073104,51.607024,15.6637,5.0
-0.380764,51.570299,3.05816,2.0
-0.386063,51.563634,2.41789,1.0
-0.022873,51.477041,21.9167,6.0
0.122288,51.562155,9.26587,3.0
0.124362,51.565699,9.0732,3.0
-0.110298,51.500407,117.041,8.0
-0.103556,51.501995,100.926,8.0
-0.10732,51.499639,121.887,8.0
-0.210922,51.346659,2.86242,2.0
-0.074004,51.501657,25.3849,7.0
-0.0695,51.501272,9.37779,3.0
-0.099344,51.490446,57.9769,8.0
-0.074563,51.503267,25.0381,7.0
-0.081109,51.500197,51.0127,8.0
-0.100098,51.492746,65.755,8.0
-0.094429,51.495113,58.5998,8.0
-0.094283,51.490968,45.0002,8.0
-0.094775,51.511438,111.479,8.0
-0.105535,51.516082,61.6067,8.0
0.185984,51.578717,28.624,7.0
0.19073,51.579483,12.8605,4.0
-0.377593,51.530338,7.9912,3.0
-0.372917,51.531697,10.3781,4.0
-0.020873,51.532434,9.98092,3.0
-0.024003,51.532463,12.334,4.0
-0.067207,51.513687,33.5614,7.0
-0.068977,51.511983,45.6579,8.0
-0.038559,51.510544,19.2419,5.0
-0.041258,51.510896,24.0179,6.0
-0.022128,51.498095,5.65052,3.0
-0.019781,51.500772,21.9057,6.0
-0.022746,51.499747,9.06069,3.0
-0.018443,51.498361,7.99344,3.0
-0.019578,51.497138,7.48924,3.0
-0.026167,51.49236,6.6539,3.0
-0.004606,51.506778,13.6277,4.0
-0.00125,51.509075,13.9539,4.0
-4.7e-05,51.509611,10.3472,4.0
-0.00525,51.505821,15.4661,5.0
-0.009833,51.504981,16.778,5.0
-0.026635,51.499663,13.071,4.0
-0.024987,51.501748,18.9223,5.0
-0.024008,51.49181,8.4914,3.0
-0.026601,51.53082,16.36,5.0
-0.042351,51.528096,5.97423,3.0
-0.045526,51.530346,15.9278,5.0
-0.051205,51.524776,35.3698,7.0
-0.186538,51.469842,13.4737,4.0
-0.18295,51.473197,12.7026,4.0
-0.183121,51.471859,11.3018,4.0
-0.083848,51.499391,59.5684,8.0
-0.063236,51.476684,26.6419,7.0
-0.072342,51.501681,11.0725,4.0
-0.414121,51.446464,12.7114,4.0
-0.411438,51.445953,16.7838,5.0
-0.301507,51.484371,12.4459,4.0
-0.30477,51.481487,8.13863,3.0
-0.362094,51.471107,33.1948,7.0
-0.36165,51.465383,30.1333,7.0
-0.116255,51.589846,12.2711,4.0
-0.119953,51.589822,6.48765,3.0
-0.200252,51.462064,13.5187,4.0
-0.14875,51.482431,17.236,5.0
-0.174854,51.470758,23.3249,6.0
-0.148626,51.475523,25.5711,7.0
-0.183448,51.464998,13.059,4.0
-0.146542,51.481447,11.8255,4.0
-0.177919,51.470346,20.4464,6.0
-0.205968,51.461015,18.1249,5.0
-0.045022,51.625245,4.5284,2.0
-0.014151,51.666032,1.95646,1.0
-0.015103,51.669688,4.59153,2.0
-0.046012,51.628641,1.50806,1.0
-0.013004,51.570979,15.7816,5.0
-0.118268,51.482098,35.1591,7.0
-0.12574,51.485701,48.3708,8.0
-0.003208,51.446741,6.62003,3.0
-0.003206,51.448859,11.153,4.0
-0.023456,51.47058,20.2058,6.0
-0.020998,51.472529,22.7693,6.0
-0.012221,51.458923,39.0321,7.0
-0.010635,51.457607,32.8147,7.0
-0.285116,51.557998,16.1143,5.0
-0.243071,51.535256,23.8202,6.0
-0.263918,51.543043,8.333,3.0
-0.286138,51.559954,19.7264,5.0
-0.291634,51.584007,4.51798,2.0
-0.245129,51.565098,6.43984,3.0
-0.245122,51.534186,24.1974,6.0
-0.111635,51.550035,33.4022,7.0
-0.114774,51.551174,24.1604,6.0
-0.114148,51.549739,31.6148,7.0
-0.100829,51.524383,34.4169,7.0
-0.098116,51.522088,39.4401,7.0
-0.111372,51.553565,30.8599,7.0
-0.106369,51.555043,25.0055,7.0
-0.10318,51.557863,26.2162,7.0
-0.104849,51.557317,27.86,7.0
-0.303925,51.41392,19.0062,5.0
-0.300158,51.415162,24.6009,6.0
-0.277552,51.47833,2.85796,2.0
-0.281109,51.473154,5.87337,3.0
-0.245283,51.589779,4.68651,2.0
-0.242269,51.596159,10.4136,4.0
0.019437,51.508441,6.69114,3.0
0.021616,51.508224,7.7549,3.0
0.015772,51.50982,9.97806,3.0
0.024174,51.503309,6.56145,3.0
-0.007883,51.534085,13.6806,4.0
-0.011527,51.531612,9.45487,3.0
0.022921,51.50492,6.6148,3.0
0.060283,51.501441,6.92438,3.0
0.071537,51.50046,5.32615,3.0
-0.00445,51.539541,40.5343,8.0
0.019316,51.512671,8.05798,3.0
0.014123,51.51467,17.5444,5.0
-0.00543,51.532277,15.0598,5.0
0.076608,51.532676,8.08588,3.0
0.079044,51.531351,5.00374,3.0
0.077598,51.560249,20.3965,6.0
0.119739,51.576722,3.93757,2.0
0.086264,51.560234,10.7173,4.0
0.116364,51.576373,3.82496,2.0
-0.173796,51.519044,49.3489,8.0
-0.171829,51.51668,55.6087,8.0
-0.142059,51.512881,76.7456,8.0
-0.135336,51.512911,78.3021,8.0
-0.149735,51.487125,14.4806,4.0
-0.171863,51.525287,21.5841,6.0
-0.147964,51.487467,29.1379,7.0
-0.185699,51.523514,23.8061,6.0
-0.167582,51.524729,28.8592,7.0
-0.169978,51.523777,27.2292,7.0
-0.166007,51.521664,55.1933,8.0
-0.17013,51.521293,52.9867,8.0
-0.172417,51.523192,33.7863,7.0
-0.196017,51.518015,21.5159,6.0
-0.194235,51.517918,18.959,5.0
-0.187542,51.524922,17.7461,5.0
-0.071971,51.54176,17.2561,5.0
-0.073854,51.54959,29.9191,7.0
-0.073825,51.545484,33.7401,7.0
-0.091084,51.571566,21.1794,6.0
-0.050273,51.565008,6.78693,3.0
-0.055366,51.553965,26.3334,7.0
-0.056884,51.54141,24.1503,6.0
-0.049606,51.56253,12.4569,4.0
-0.078224,51.527798,37.7289,7.0
-0.074905,51.540797,21.8604,6.0
-0.081404,51.525274,68.9076,8.0
-0.087908,51.530279,30.7382,7.0
-0.048942,51.563982,7.03304,3.0
-0.085902,51.52949,36.0012,7.0
-0.060079,51.536695,21.7788,6.0
-0.057712,51.554858,14.1707,4.0
-0.479817,51.533065,3.96785,2.0
-0.476438,51.539963,6.96301,3.0
0.033685,51.457703,9.37133,3.0
-0.021729,51.48137,11.8607,4.0
-0.019952,51.482935,8.09003,3.0
0.082196,51.447716,4.15731,2.0
-0.015784,51.478911,20.1428,6.0
0.072287,51.492604,36.8987,7.0
0.012628,51.494198,13.3178,4.0
0.014295,51.494947,7.76764,3.0
0.074394,51.493927,13.3084,4.0
0.06509,51.491264,40.2662,8.0
0.073838,51.494716,24.9444,6.0
0.061135,51.490536,30.0834,7.0
0.019268,51.486173,17.2565,5.0
0.087264,51.502386,3.32811,2.0
0.086766,51.50042,5.12954,3.0
0.092899,51.499118,3.98214,2.0
0.080045,51.496802,3.95321,2.0
0.100339,51.502809,3.81744,2.0
0.08035,51.49436,10.1709,4.0
0.105073,51.501535,4.68378,2.0
-0.013595,51.475726,18.9882,5.0
